timestamp,value-0,value-1,value-2,is_anomaly
0,0.9409167240142561,0.020264738087023726,-2.059174125370866,0
1,1.0107894526787853,0.03512455396102295,-1.8773815357444754,0
2,1.043268599351119,0.10353637136231902,-1.8397923616182226,0
3,1.0042786858303876,0.07700356120066758,-2.048615876151065,0
4,1.0168998798790667,0.11841504975622226,-2.286087822407284,0
5,1.0577875551685827,0.11983536888729063,-1.6853236023463256,0
6,1.1020530558720372,0.18218639086697527,-2.1390768367976367,0
7,1.1087289608285675,0.24539582820882644,-1.9309465834299964,0
8,1.0914911855460712,0.29270836705937564,-2.0279340922272344,0
9,1.1230969399943922,0.23358225427887275,-1.7163046936288957,0
10,1.123215503146716,0.3049718816291409,-1.6360919132590144,0
11,1.1822027487221087,0.3392385055791352,-1.4535638225109444,0
12,1.1544369972768607,0.4562304813163654,-1.6753726719615103,0
13,1.252105863515918,0.4610662119552123,-1.5415046666709318,0
14,1.2161066704849783,0.46684232954128263,-1.1126946542184342,0
15,1.1999246471735872,0.4027417073255763,-1.4125205982886435,0
16,1.2915791570041852,0.4651501881917502,-1.1855502570322027,0
17,1.1769189969138492,0.5514059694515455,-1.0894446573115184,0
18,1.2315914067660256,0.5413215657369467,-1.224825080867065,0
19,1.258716335176821,0.5491601304828888,-0.9909691451761701,0
20,1.2885062699110463,0.5683749486325463,-1.0710912343435244,0
21,1.3230488890628829,0.6921472468384318,-1.0055258081233514,0
22,1.3188443791075941,0.7156182071253403,-0.9876939467737804,0
23,1.3257730871148339,0.6204003823610365,-0.6826755286599873,0
24,1.3734109422324163,0.6492917154551341,-0.6303763067598587,0
25,1.346409174457762,0.7089496072009197,-0.538574463819872,0
26,1.3521756369696976,0.7798701181627498,-0.38740273027392136,0
27,1.3498325945802139,0.7180986059135862,-0.46667287497890775,0
28,1.3616754757170815,0.7331698060052455,-0.3550110252766394,0
29,1.4778033166642783,0.812017366885524,-0.2546866263870291,0
30,1.4281343125915285,0.8257241764718339,-0.22917737250571912,0
31,1.4580005689314632,0.8681522881534839,-0.17076168064717057,0
32,1.4590903442996475,0.8962481900922445,-0.2340003178511394,0
33,1.4971267656822898,0.843627087659921,-0.04908829703389306,0
34,1.4720100125500717,0.8004243353059385,-0.2306565654273094,0
35,1.4592914767067802,0.9259511424295642,-0.18502918376769317,0
36,1.513489799100225,0.9871196718416786,-0.06314304750515043,0
37,1.4973248629644882,0.9808771821825002,0.001983834448591404,0
38,1.4840349804622939,0.9775514318705951,-0.3048605922029175,0
39,1.522236382948086,0.9425749916249399,-0.02573254544279502,0
40,1.5167726524221496,0.8774410523443708,-0.21733199912121437,0
41,1.5493066363989376,1.0167636435176708,-0.0326705111023593,0
42,1.5363012701552212,0.9532735413354596,-0.269138312196634,0
43,1.5362566858781768,0.9432076195643568,-0.10816261070050581,0
44,1.5380680081047275,0.9826093587092728,-0.07703477447184204,0
45,1.5639057234870146,1.0133506733988948,-0.3835882765450296,0
46,1.494540474644762,0.9471069536528529,-0.4008475325900309,0
47,1.589740876086425,0.9718218994956402,-0.22021098630916214,0
48,1.5418448241008118,1.1211675433751227,-0.42036599709948663,0
49,1.5554226673793816,1.0263648383055224,-0.7160269569238384,0
50,1.535335421001204,1.0408428437567476,-0.6677858499772455,0
51,1.5379663462465487,1.0509561900085485,-0.6112936465070038,0
52,1.6107498012304209,1.0652595403686347,-0.7889316631326855,0
53,1.566270178722665,1.089689329070045,-0.939886915526791,0
54,1.5407334917202549,1.008788510444035,-1.1996798081210829,0
55,1.6186674880750123,0.9783380930252376,-1.0227028486146996,0
56,1.6021751292667743,0.9848593514214421,-1.2851600437065176,0
57,1.5339135879623191,0.9290312736882936,-1.4540103004242413,0
58,1.5649446638204276,0.9507683427351394,-1.2709393599696386,0
59,1.584314893158203,1.0453903465843182,-1.503867292901759,0
60,1.5809188637160299,0.9382292851612014,-1.6260963247347158,0
61,1.6259839269385492,0.9154774666212028,-2.0995966673733832,0
62,1.6102256129775903,0.8908397043525413,-2.151363625546552,0
63,1.5425825519588372,0.9498413730363323,-1.907435853672729,0
64,1.611830902412226,0.8627680800486273,-1.990259449385214,0
65,1.6107412758204,0.8567745320434612,-2.6774575040212083,0
66,1.6287262388001003,0.8484085941115631,-2.5583915150634704,0
67,1.6299426796138512,0.907410547982821,-2.5514014546749024,0
68,1.5759425055229317,0.7298828184923399,-2.46104855876776,0
69,1.604782057108596,0.7998141726945047,-2.6221354493804703,0
70,1.5915730022506884,0.7566375451320579,-2.840963966291584,0
71,1.6455026470836729,0.8229806080161541,-3.0371887534152897,0
72,1.5812741461227446,0.7947344474659728,-2.933789075731673,0
73,1.6148452172690857,0.764135130795554,-3.3184070761118107,0
74,1.5593019525891774,0.7409759184599528,-3.3384412929858733,0
75,1.5193647968679365,0.7504983359484072,-3.6144418957077686,0
76,1.5769398709603202,0.7408437310569469,-3.552593898066738,0
77,1.5366264012234863,0.6651233645526264,-3.6794842928170755,0
78,1.5328639886682138,0.7459701303311099,-3.4707030203072637,0
79,1.5399548717972547,0.512880077910847,-3.800713370109635,0
80,1.469589364415783,0.6033294973505138,-3.848281580370922,0
81,1.5544952664073801,0.5873873792463601,-3.71770655922009,0
82,1.4995459081563003,0.6475130261834112,-3.6702383953624116,0
83,1.5280701589915937,0.4146863480417863,-3.6963541450282174,0
84,1.4972049826753082,0.4766433694999086,-3.9661463535967685,0
85,1.5001998686010216,0.5062562199920522,-3.895148968390226,0
86,1.5232714390510838,0.4147311273201171,-3.9034498108646076,0
87,1.4977092741830837,0.3580811786649047,-3.7636115693282886,0
88,1.5427406091935354,0.3880488848812673,-4.0497879446039935,0
89,1.496148874384924,0.2936894151240072,-3.9240030385690874,0
90,1.4112472626441301,0.35409014847248516,-3.7821110402910265,0
91,1.4643853752659692,0.2210691951915488,-3.967638267183726,0
92,1.4614449711389303,0.1700803163831978,-3.7896714937773774,0
93,1.480059858217814,0.2726473156884606,-3.9763020360157317,0
94,1.4219752216459178,0.17241060715313772,-3.8396814492975007,0
95,1.3717947064160718,0.1392470347820873,-3.6627508791317203,0
96,1.3812814319528082,0.14380556357634816,-3.561134117260949,0
97,1.3891075933982455,0.027055170932555425,-3.4553085951276827,0
98,1.3812506543075904,0.04279796735665977,-3.4330451896125247,0
99,1.32208702508227,-0.01581843866414624,-3.5693662371939503,0
100,1.3205696410805259,0.07318977472656578,-3.217216025786266,0
101,1.305035382060529,-0.08211406839860606,-3.178210962201118,0
102,1.3269141252642636,-0.0786176430673647,-3.3263127732327726,0
103,1.3038227435265448,-0.10860847139485647,-3.356544497766329,0
104,1.3008440494934939,-0.23338977282097428,-3.0270403838665656,0
105,1.274326399577043,-0.23002541582070846,-3.3781454663916515,0
106,1.2879507074310976,-0.16314978605023767,-2.807611423734506,0
107,1.268191256308571,-0.15298078117851704,-2.834213134525155,0
108,1.2612016632051801,-0.3473940292371422,-2.7535119299859714,0
109,1.1855212867649796,-0.2651398090239348,-2.7158622187013943,0
110,1.2210726311304303,-0.36090052462386735,-2.7049344230707164,0
111,1.2417983246094895,-0.37016823380560926,-2.7490812413366634,0
112,1.1861474481265795,-0.46885408168294884,-2.724599797225836,0
113,1.1444846841604783,-0.44706431079628106,-2.3807157978551623,0
114,1.151963514417076,-0.3369033445293021,-2.186148982690146,0
115,1.1366011666501639,-0.44094109575945406,-2.1085655971045725,0
116,1.1634690959956218,-0.49177711511996564,-2.204615085892489,0
117,1.1631377704912322,-0.5281461065903608,-2.417776592867282,0
118,1.1184826208260772,-0.5613142704945219,-2.307308618704506,0
119,1.1145365696850784,-0.469255895172506,-1.9841465669522875,0
120,1.0626723999674705,-0.6157864060230865,-2.029537259796784,0
121,1.0444015610663082,-0.6052893456045013,-2.0141468808867407,0
122,1.094118706714493,-0.6313981177320342,-2.135495361878629,0
123,1.0227279031010121,-0.6888372667952949,-2.199503829068137,0
124,1.01670920756567,-0.6859425265902949,-2.133807682483886,0
125,1.0392554223194925,-0.7236073383461377,-2.021945637287031,0
126,1.038563419795099,-0.6727678029310351,-1.7930430365629175,0
127,0.9351719796726858,-0.7282739076039592,-1.805446256000768,0
128,0.9097633031762306,-0.7475182447322272,-1.863021854485004,0
129,0.930981010034009,-0.7355451495625336,-2.196908472291627,0
130,0.8638565915906602,-0.745692183638682,-2.023055685420312,0
131,0.9037614870163935,-0.8381987991579568,-2.47768726245,0
132,0.8306907553386891,-0.8219927225966456,-1.9822979308260176,0
133,0.9258668892234199,-0.8714922496195983,-2.0945639350228613,0
134,0.8408941604908451,-0.8357322185894409,-2.2248645529876114,0
135,0.8516832678288516,-0.9696044517226464,-2.11525998631667,0
136,0.8454810254787261,-0.8654746670745586,-2.411576795254759,0
137,0.8351630294785036,-0.9383429578443404,-2.3389549330381003,0
138,0.8082595804966584,-0.9346856252737075,-2.381000431109674,0
139,0.841499682130773,-0.9245427633924858,-2.4724855754100536,0
140,0.7053456484012615,-0.9068785345962599,-2.6071245307804825,0
141,0.7878432524920784,-0.9795521290132795,-2.8910427064373216,0
142,0.7730540377422154,-1.020995719746567,-2.630172064929529,0
143,0.7553338191239198,-1.000564083574276,-2.8206839090653735,0
144,0.7600814515824685,-0.9424370374349016,-2.9522475402227073,0
145,0.7595392272694084,-0.9537889091246643,-3.385798596698626,0
146,0.7201279404962939,-1.075868909552175,-3.305667683514103,0
147,0.7301558953654416,-1.0375300037992554,-3.1149775834842846,0
148,0.6652062860782424,-0.9983109272970697,-3.2526385553084367,0
149,0.663024748990471,-0.9933940100572028,-3.3324550207465977,0
150,0.6814592376705515,-0.9973494556869885,-3.439893416391386,0
151,0.6294865724904406,-0.965515272170514,-3.4588487435774606,0
152,0.6015623762738592,-1.0092557661795125,-3.53995495139492,0
153,0.5972237365310156,-1.0384559502824207,-3.6258194926901,0
154,0.637642884675329,-0.9735285822957752,-3.7629899521313996,0
155,0.626525142680497,-1.0642372753888725,-3.800782807468115,0
156,0.5781868840284397,-1.0353294057424167,-3.957521343900763,0
157,0.5436899119287049,-1.0097669707349264,-3.7508321016410946,0
158,0.5591197795158602,-0.9622526434833293,-3.8776455725027232,0
159,0.5076492819297495,-1.0291108460743437,-3.717815034205703,0
160,0.5430487743842547,-0.892301736396635,-3.991820185122648,0
161,0.5745281528043057,-0.9666864537739731,-4.2395478613960345,0
162,0.5520050585570762,-0.8993523107747854,-3.941276858008412,0
163,0.4623352440333731,-0.9303463782060044,-3.969094737892762,0
164,0.5019169841696298,-0.9213457215079552,-4.109600446401662,0
165,0.4822232640451516,-0.8665041823698019,-3.7050663716154215,0
166,0.46098319202207394,-0.8365740178797691,-3.7083136517898287,0
167,0.4621596433243491,-0.8008827196464557,-3.9163915357680983,0
168,0.46359622341937046,-0.9038803424602629,-3.8507173286051795,0
169,0.4514122474385335,-0.7979866837441023,-3.746100177408535,0
170,0.49539861088872006,-0.7915796859886162,-3.8757416272453256,0
171,0.47602688757019396,-0.8608932904095757,-3.5898879996463102,0
172,0.46531296845168657,-0.7504019356613796,-3.6640963534376696,0
173,0.43263180836029835,-0.7085836186926476,-3.482343081890587,0
174,0.42876020620064237,-0.7075239078991996,-3.4567601045316194,0
175,0.38681059479432844,-0.7050295608160858,-3.4287117825771936,0
176,0.38428464893600434,-0.690259209859458,-3.265001275401855,0
177,0.4161232649107297,-0.6966944210520495,-3.169974273857415,0
178,0.453367621872078,-0.7081074992637542,-3.01216167277283,0
179,0.39581545631041737,-0.6819994634626396,-2.9952884374757343,0
180,0.4308604494037589,-0.5534089695998263,-2.7387707411160926,0
181,0.3746556747921167,-0.49774628622947886,-2.643186004335292,0
182,0.43057905776424754,-0.5190769726044262,-2.771263323230585,0
183,0.42304643700601596,-0.5422357358462241,-2.889027472947472,0
184,0.3923805308642895,-0.42722461466621175,-2.3069941921379833,0
185,0.4223114251496686,-0.5300197035045546,-2.2971437036381723,0
186,0.42910558220963413,-0.5379574010275893,-2.3487102753043696,0
187,0.35942813010971253,-0.40487100714594365,-2.3832265192741007,0
188,0.3633042565568553,-0.2959202391253061,-1.9543362264534594,0
189,0.3695280652743358,-0.3709491357685863,-1.601524051898827,0
190,0.3969275697793718,-0.28522448610216133,-1.695082606804664,0
191,0.3975546075078762,-0.2384256906982338,-1.6714266638659483,0
192,0.4144950360961289,-0.23571310859110567,-1.510752213753349,0
193,0.398835105607636,-0.24581022827494178,-1.4204509063326842,0
194,0.4342401705264072,-0.17854184670672069,-1.081428967584861,0
195,0.40691355700945975,-0.1641799584729104,-1.026632041450098,0
196,0.3913640193079435,-0.029069507612993872,-0.7799013465719775,0
197,0.46594702149260003,-0.11791620064531787,-0.9128779279096626,0
198,0.4460867548062597,-0.10336094658380883,-0.887665026611113,0
199,0.363923589779516,-0.030881834528999286,-0.6708790807334288,0
200,0.444171400408111,-0.06156607057847,-0.7315386281851226,0
201,0.43870554781887217,0.029433223442475336,-0.4078048746555418,0
202,0.44996518740993785,0.17581304508679035,-0.20860329925931542,0
203,0.47326984343832357,0.02687997761832389,-0.34732926684597687,0
204,0.48538775926888433,0.18753010812165255,-0.4686719334210985,0
205,0.45205291457326235,0.2345960812679697,-0.03520334296250205,0
206,0.4485842684193708,0.1555785012005114,-0.4270159859536604,0
207,0.5080405985537235,0.16946241457503103,-0.041032320949289325,0
208,0.41283591939077713,0.31662068241300917,-0.09558663226114272,0
209,0.49604223174291495,0.28399841543633425,-0.032604140762079625,0
210,0.5086430286306985,0.24730209545050916,0.005314177796678532,0
211,0.46352853961956025,0.3121732743439504,-0.1391873349711843,0
212,0.5113655844238039,0.2946780054511128,-0.11032607043816345,0
213,0.49378295225331376,0.374063114259047,-0.027530461156718644,0
214,0.5252778240986322,0.44234539650817734,-0.046378291402981775,0
215,0.5159806160725565,0.41911758638907043,-0.03274495285588075,0
216,0.5734117906618306,0.4933261105138091,-0.12105400763348029,0
217,0.5456040971374603,0.601672024011678,-0.16972524528017208,0
218,0.6082973627149737,0.5184493391878935,-0.009073227340367307,0
219,0.5704595286774181,0.5322694300280189,-0.5245544233264221,0
220,0.5807301099905726,0.5298172234814068,-0.32479036333199796,0
221,0.6006419952892541,0.5791713592856356,-0.29343230889718575,0
222,0.6218249255533592,0.6392545707607441,-0.23400946163307457,0
223,0.613299725307205,0.6284577295230351,-0.4140149042658634,0
224,0.6249177572589854,0.7271133314634536,-0.6236489304718178,0
225,0.5920498261306688,0.6907345824440396,-0.5514927710614652,0
226,0.6811905968224865,0.7677789830091155,-0.6174853603063002,0
227,0.6767664988210933,0.7562157488803055,-0.762271239147811,0
228,0.6803369395464443,0.8099184233774263,-0.844244025152467,0
229,0.7352433919648984,0.8398420063861998,-0.9334352965331654,0
230,0.6772470585374184,0.8115973605208756,-1.1118583947424625,0
231,0.723799375491281,0.8747055973769404,-1.2213637815019052,0
232,0.7999719089399379,0.836738438837855,-1.0833107004204836,0
233,0.7496811011057005,0.8896336307333854,-1.16228626319863,0
234,0.7247492688421714,0.7766493234846477,-1.4442022621881205,0
235,0.7724113201363065,0.8346273866293565,-1.4106374463218212,0
236,0.8158850992386321,0.9962215204043218,-1.6666099438685988,0
237,0.8704577843225133,0.8726199534343757,-1.4094370598960537,0
238,0.8151938981082392,0.9353154221182756,-1.5244899773135092,0
239,0.8184458407790471,0.9703468816462908,-1.5370534251255152,0
240,0.8000376630879561,0.8993242945489048,-1.7713044676890166,0
241,0.9085823275824887,0.9389335306663475,-1.8435996333158498,0
242,0.8219688234321259,0.9167823028292318,-1.6097881165784975,0
243,0.9105510226659892,0.8897557141773199,-1.680178939415244,0
244,0.9725541777920499,1.0031964759706327,-1.8986808346731299,0
245,0.9707851323389939,0.943284040025064,-1.9318168635744517,0
246,0.939081500598353,0.8574066788859026,-2.0745566404681726,0
247,0.9411531402019185,0.9951309931713999,-1.979710722422582,0
248,0.9986492527430094,1.0130841201124532,-1.8434828335109652,0
249,0.9928783008189267,1.017858973201235,-1.9333584746953516,0
250,1.022877413804066,0.9900453546278581,-2.2477311606724797,0
251,1.0150890872122313,0.9844686475389092,-1.9691834801991928,0
252,1.055195600576682,0.9968940829814185,-2.005826933841745,0
253,1.0678121518290147,1.0759234237924857,-2.331519054797213,0
254,1.0836890393976744,0.9676166643609345,-2.1289761436456214,0
255,1.0960518326040707,0.9729830889038615,-1.9185110874864346,0
256,1.0937355478970303,0.9262433547059911,-1.7398762381697155,0
257,1.0783424808720115,0.9589781978635218,-1.708913487698702,0
258,1.115304132381531,0.9191595086201108,-1.8069615920811557,0
259,1.2059166425759813,1.056680510386303,-1.767757978063774,0
260,1.1611628619974557,0.9664735813618078,-1.461838673650306,0
261,1.1460470457451428,1.0198376163240839,-1.6208675400626866,0
262,1.1777980299083801,0.8734078470015865,-1.4692763764569263,0
263,1.1889401869322442,0.9565945742268425,-1.3343514175158881,0
264,1.21064812459474,0.8783653792990228,-1.2700788011242303,0
265,1.1785364460219796,0.9271908259780324,-1.4112432182748218,0
266,1.2367270818011398,0.9070959117471729,-1.3390642025529618,0
267,1.2214775448651456,0.7941653269106329,-1.3225825101810238,0
268,1.2341873355376634,0.8015050421094442,-1.0084514059763334,0
269,1.28037416255258,0.7950280365051298,-1.0407012798884865,0
270,1.3012126484060085,0.7300901033928824,-0.9986838072047493,0
271,1.3115784589398802,0.7737482125461722,-0.9256948346781702,0
272,1.3443082978222824,0.7934261030272042,-0.672285659672254,0
273,1.365684823610166,0.7331368028810444,-0.7893082963792624,0
274,1.3134296494759947,0.8768770349007483,-0.721493786955018,0
275,1.4056444175013774,0.7674343888971957,-0.5739276458207494,0
276,1.3530269880200745,0.6610028009384459,-0.46535155458764654,0
277,1.3583242252643544,0.61061170150905,-0.12275915110031321,0
278,1.4228770237773847,0.563820676376767,-0.47746325699890324,0
279,1.365929739554591,0.6059392641738242,-0.4609076643835719,0
280,1.464122714770888,0.6516966647880985,-0.27827852173044465,0
281,1.452133947550656,0.5365824064302018,-0.2641689202633579,0
282,1.423695496458619,0.5752349114927096,-0.4116156613899271,0
283,1.4469750551934968,0.5387367818936541,-0.14053220892902862,0
284,1.5028189852468543,0.4644080249787168,-0.3025332185269727,0
285,1.4129483735392925,0.4299134633723995,-0.06391079879188033,0
286,1.504383022870184,0.4047392472078315,-0.20459930486395406,0
287,1.4503558012628042,0.4497736736573343,0.038061258910347506,0
288,1.462756426233788,0.36576623169170147,-0.1466451897887826,0
289,1.4849480347496204,0.34500039330701027,-0.17196932382661467,0
290,1.5524789138160862,0.25554871533028806,0.13500754759923006,0
291,1.5017836185533495,0.25072899131038595,-0.019810408966284276,0
292,1.5352792467406944,0.2776699336573022,0.2876664643713742,0
293,1.5714711259528684,0.2296988416583247,-0.23293465613310071,0
294,1.5444939470416141,0.13215801359925466,-0.2686271399321227,0
295,1.5281558696559645,0.11125077451962638,-0.20022730472988903,0
296,1.5485124658764873,0.09413268164148478,-0.2785048639561909,0
297,1.5594531207325915,0.09622412303855231,-0.2915284097814874,0
298,1.5766215520486684,0.012209740134492858,-0.4419768889911715,0
299,1.5195025784012577,-0.051934388244429634,-0.4770287683061525,0
300,1.5794817203202776,-0.05884335926754515,-0.5819575497926508,0
301,1.5771301789870507,-0.02609922835237251,-0.8336454663187967,0
302,1.6237776241096764,-0.0770798201603049,-0.6908474879131699,0
303,1.5541304657149526,-0.12739310694041253,-0.8383297278182382,0
304,1.6148815522529163,-0.1381119699110694,-0.9293135893563795,0
305,1.6355520440777305,-0.17293184361244834,-1.3643567391867133,0
306,1.5735645905492561,-0.23796037581529372,-1.3107221468782695,0
307,1.577538080856483,-0.25603352294082593,-1.3112638970639352,0
308,1.6099395597269806,-0.29947822161332055,-1.527655558638927,0
309,1.610644740154191,-0.29567802289864265,-1.7565058635763564,0
310,1.598479087116671,-0.30496883647844775,-1.6914413683333847,0
311,1.5208410968721364,-0.35085264714486514,-1.8027501762104232,0
312,1.6308367011970408,-0.356872788715783,-2.112110595983276,0
313,1.6001449629036026,-0.3329833851049595,-2.1508087473847963,0
314,1.6044458705865279,-0.3983293370575821,-2.173989212472525,0
315,1.5935641172973558,-0.4476272912395042,-2.308452992560602,0
316,1.6017413406511736,-0.5034678721175858,-2.6490247378435963,0
317,1.553004766317732,-0.4769313607308441,-2.6186098839919625,0
318,1.5936453854740313,-0.5862571885322218,-2.9213380270701954,0
319,1.573529721776303,-0.5344488369621841,-2.8941774244479412,0
320,1.611756844835194,-0.5942983203359911,-3.0363967168204753,0
321,1.587472372035399,-0.6298243950614576,-2.834364663700811,0
322,1.5522334730002065,-0.5338716251264393,-2.9532220505019087,0
323,1.5764744170058107,-0.679757780637173,-3.138539326849856,0
324,1.5550394314889342,-0.6234367743870796,-3.4308487973156767,0
325,1.577050661359865,-0.6570811538276584,-3.4146864258504355,0
326,1.5189578155705923,-0.7619413772282074,-3.4728686097691552,0
327,1.5901056071842712,-0.7175682030199791,-3.4401897695962393,0
328,1.5738221991835313,-0.8253469196365206,-3.593019895577667,0
329,1.5431433694788659,-0.7992034017723603,-3.6332847029907116,0
330,1.5848767484936517,-0.7577486538179146,-3.7281510902283888,0
331,1.5456575067036917,-0.9168042451404179,-3.778052257675954,0
332,1.524865393017122,-0.8003942666406865,-3.873489161955958,0
333,1.5274484421063033,-0.8567055216933486,-3.8378237177779386,0
334,1.5070628427051962,-0.9309096983726483,-3.9750789608212775,0
335,1.5170878926663367,-0.8910385716107366,-4.121972920678749,0
336,1.5212594721969912,-0.988563299014008,-3.943217157369144,0
337,1.5169891405153595,-0.8866225738680992,-3.946921109710357,0
338,1.4668875600638633,-1.0007567716190773,-3.995043795314924,0
339,1.4371067025058741,-0.9478857937072097,-4.008816325814075,0
340,1.3789072979507688,-0.9748538695280359,-3.6291784799076363,0
341,1.4869519860423903,-0.8768061518837045,-3.8857612890513864,0
342,1.4110036874083076,-1.040074198272516,-3.8650800248517045,0
343,1.4159864765937438,-0.9192920092919235,-3.845070379869793,0
344,1.3758975068136685,-1.008384426482158,-3.8273842755863594,0
345,1.4075775290023433,-0.9747027610073323,-3.7188417403594727,0
346,1.4033650852641568,-0.9908932861562391,-3.8001462677938154,0
347,1.3943495946822293,-0.9832645111395842,-3.255914000703722,0
348,1.349828763635995,-1.0144131661483264,-3.802059568835583,0
349,1.3604766882147048,-1.0351873924757093,-3.419977030576445,0
350,1.3177727203477498,-0.9781727537561797,-3.3178051666356843,0
351,1.3256176545150147,-1.048783526478391,-3.2202742055460503,0
352,1.3074221906143708,-0.9908470118712737,-3.0453800520266636,0
353,1.3505783522861186,-0.9350784617647934,-3.2104637200728865,0
354,1.29091780147152,-0.9780338680099986,-3.2858087866042145,0
355,1.286119454233868,-1.01131536575512,-2.9194997637478997,0
356,1.2906722299857367,-1.0314108150836034,-2.839898963260647,0
357,1.2438684970562186,-0.9216392129447343,-2.763308322849314,0
358,1.2641428515063697,-0.9000671572219638,-2.649796253335842,0
359,1.2373838210451957,-0.9638824591729759,-2.6713523632043117,0
360,1.2180285449365091,-0.8923096631234834,-2.4727619996588874,0
361,1.2009433237373546,-0.970034507634209,-2.7146437092949287,0
362,1.2377209210150364,-0.887873998970885,-2.400586879385822,0
363,1.1502672444724775,-0.9504760803441035,-2.1819460796810572,0
364,1.1691287904130638,-0.9288930033891611,-2.4175279099967075,0
365,1.1400847097821574,-0.8987596225947476,-2.2603517070873007,0
366,1.1250913195176113,-0.8659777034402218,-2.26986495448745,0
367,1.142980372671763,-0.8677073819891912,-2.184178508986233,0
368,1.1170900402014459,-0.813221793307685,-2.28192523606031,0
369,1.0247912306969453,-0.8931155216339998,-1.9137182014923735,0
370,1.0007084411902585,-0.8493208287672329,-2.018545906878566,0
371,1.1197561055982872,-0.843584597581759,-2.06915043571537,0
372,1.057018610887496,-0.7210562096236696,-1.9960342507647575,0
373,0.993658956411494,-0.687873262259271,-2.118858678942852,0
374,1.0950300480625814,-0.6812173135009627,-2.0334937940759397,0
375,0.9822584351045118,-0.6965925113436987,-2.0254657412676935,0
376,0.9829673045503753,-0.67534026639077,-1.9317025030543502,0
377,0.9418761540064231,-0.680607030324785,-2.0272517939263905,0
378,0.9433238764992558,-0.6989033171346453,-1.9235171399218494,0
379,0.9028052388675787,-0.6859636783064365,-1.7977100180060521,0
380,0.9086171566807589,-0.5975613081845293,-2.031604929492553,0
381,0.8843108884252623,-0.6340604610422211,-2.2165668382966732,0
382,0.8839690856892822,-0.51101176594826,-2.154064080028685,0
383,0.8556441592966653,-0.5263565967323497,-2.1533980819081022,0
384,0.8816506550713057,-0.46299953358639384,-2.1840311909298133,0
385,0.8481516108878631,-0.3749897313153222,-2.455149007786803,0
386,0.8623036408309367,-0.3555770466234509,-2.5050688615128576,0
387,0.8234867114755458,-0.27437788684288045,-2.6877872775355343,0
388,0.8439856048929276,-0.37862802234915266,-2.8135822456011583,0
389,0.8342212839459324,-0.303952786934638,-2.469242190455704,0
390,0.7419410958189869,-0.31862991045633005,-2.521251731851921,0
391,0.7685311529025596,-0.27986081459756107,-2.5490242324048484,0
392,0.8154099578763851,-0.22486197702759844,-2.8683219362084724,0
393,0.7836917689460232,-0.22083915598944165,-3.036871195088443,0
394,0.7119082391829947,-0.1929880715765917,-3.0855083195959434,0
395,0.7015831693989865,-0.13889320296033675,-3.264213798415173,0
396,0.6962768038947975,-0.15170751511973243,-2.8801676900645647,0
397,0.6494591759026787,-0.1494601545834811,-3.3225150175677927,0
398,0.67183137595258,-0.06431274938026109,-3.3930475673468354,0
399,0.6751610725099118,-0.13681085615638405,-3.3320647179237595,0
400,0.6438220175250569,-0.08786935773702019,-3.3507301902711513,0
401,0.6448196663376765,0.00012076541221864995,-3.4890043525875845,0
402,0.5912248043623882,0.10059635769179147,-3.8663245622738405,0
403,0.6175597352857431,0.1615503755980325,-3.712592707254911,0
404,0.5596901519253941,0.14551823577568146,-3.885030012740305,0
405,0.6071121567817446,0.19500740617246531,-3.674795450556774,0
406,0.5891471598144459,0.1385870625596398,-3.7600651017518003,0
407,0.5693273400698021,0.16738277594218132,-3.7771476438433687,0
408,0.5185821990010613,0.16792561413808885,-3.848079248194667,0
409,0.5109859971813225,0.2154726224965584,-3.826746610247296,0
410,0.5618467171778525,0.2874948770375753,-3.75379505212322,0
411,0.4971402379168855,0.429038797903492,-3.874492451855201,0
412,0.5155335985152107,0.35415368177877143,-3.9312566124097454,0
413,0.5124310030531272,0.40097453263021315,-3.832087524983411,0
414,0.5251443827103953,0.4579317022812268,-3.864496022008617,0
415,0.5169894722104739,0.38748454716140945,-3.7206829238089347,0
416,0.5065354477736116,0.43283748975263087,-3.7904180508094925,0
417,0.46237804711495445,0.5067611131654137,-3.848522115485185,0
418,0.4216409944828028,0.49064850963367734,-3.8497844767236087,0
419,0.40281103527746076,0.5574373449171011,-4.034508407910063,0
420,0.4469322245206534,0.5677717472577072,-3.7828626912577334,0
421,0.4918178018412468,0.5442659281053831,-3.736270983321961,0
422,0.4586849523347083,0.7284284518442181,-3.616595611573747,0
423,0.4268860136698095,0.692066033134553,-3.4803359450627034,0
424,0.42015689036189563,0.705027148649086,-3.679626365007237,0
425,0.4398964893908296,0.7559081931654109,-3.3584796898822162,0
426,0.4712129377075689,0.8001389497753171,-3.357537021028766,0
427,0.39078825729853306,0.7849741994174039,-3.184323334306801,0
428,0.471365392848783,0.8926628217181605,-2.9537810375165234,0
429,0.37224311913350316,0.7341730828091616,-3.135711707133737,0
430,0.38243826744823184,0.7483960733922149,-3.0559078324793245,0
431,0.436716789442544,0.8358773898496398,-2.84508911280711,0
432,0.43177291230030734,0.9115435642603995,-2.435333530884815,0
433,0.35993086399728147,0.9120185428808372,-2.2209462991941016,0
434,0.3720488203056025,0.8529190579329928,-2.3053203725757094,0
435,0.3914847047367487,0.8240574433193426,-2.3491650288496437,0
436,0.4464795866096669,0.9149434124724498,-2.1373647231174426,0
437,0.4471168580758992,0.9191145994748472,-2.0734519257238015,0
438,0.42207634907937086,0.9093074190094752,-1.812353506617178,0
439,0.4429979844749561,0.89908048663476,-1.5382524050076085,0
440,0.38217774498496215,0.9626733566158259,-1.5571666248716718,0
441,0.41407552679592385,0.917139929339632,-1.4171628383463986,0
442,0.39673273621383387,0.9792251832389934,-1.5079159744901718,0
443,0.36574583951135264,1.0249820744269573,-1.4566776128700518,0
444,0.38356861371580453,1.095101002912777,-1.0833673065859122,0
445,0.44200133858245816,1.0600847348665872,-1.1160784896148894,0
446,0.4260268482952315,0.9643151199036825,-0.9208298710820109,0
447,0.4013667315817462,0.957410494920457,-0.6006737762881424,0
448,0.4794522116477389,0.9363869784666453,-0.7212725792888952,0
449,0.5089908203278666,1.0343997224444597,-0.4421469383911887,0
450,0.41967034860120056,0.9242133814178521,-0.7144537304764478,0
451,0.38592667267639036,1.0106690296626504,-0.3447487063303645,0
452,0.45192715930036964,0.8788493161339764,-0.34124190326383275,0
453,0.5087606343729318,1.0146345741334697,-0.4203890116031763,0
454,0.5035193580540056,1.0553786054237608,-0.48332226117433486,0
455,0.46192524171009974,0.9450710976563906,-0.19142831247734438,0
456,0.44960166080345987,0.9696683480530582,-0.28228429261700194,0
457,0.5320222816030282,0.9989912804495202,0.0019282236144435583,0
458,0.44209416259195145,0.9777022779073316,-0.02814819821647152,0
459,0.42186789532553504,0.954963834014889,-0.0797628385236746,0
460,0.49725835151027176,1.0029704546199332,0.03243746668462477,0
461,0.47780692317871887,0.8824754403421725,-0.22627995658269784,0
462,0.5501338950987084,0.9481680851277591,-0.15467617311091653,0
463,0.5319014380596128,0.8771029796572908,-0.07414707011819521,0
464,0.575965046979294,0.9101535447705036,0.0028009454161685987,0
465,0.5173806778843917,0.8868375040083956,-0.059346690540366565,0
466,0.5497856575798947,0.8378432576763778,-0.08265829909295697,0
467,0.5552580304677202,0.8822537069903817,-0.1664556324787787,0
468,0.5629701014470951,0.9216458194080375,-0.40171694033518035,0
469,0.6161500634768087,0.9019391517255526,-0.27269355959457986,0
470,0.5983924225508008,0.7923584287274942,-0.5707971487497485,0
471,0.6801661982212062,0.7604117384562925,-0.2504340473986604,0
472,0.5963611742800211,0.8134975494436372,-0.6427140511684195,0
473,0.6469677229156728,0.7480733987774791,-0.5828416407183017,0
474,0.6687430424798231,0.7179198253823167,-0.6005274214759022,0
475,0.6833340545850715,0.7289837429472622,-0.5798428158575439,0
476,0.6156290776075347,0.633700047647149,-0.7530271956615724,0
477,0.7238275432202449,0.6307316243315977,-0.7041511530824325,0
478,0.7018298300938914,0.664837472206897,-0.7944071435608846,0
479,0.7121448868433803,0.6085142493746054,-0.9208340590380966,0
480,0.787600694341594,0.6037608888657479,-0.9718934317038457,0
481,0.7415068197951741,0.4838285639698605,-1.0934101130287028,0
482,0.752575344590924,0.4605034477526544,-1.048050778010332,0
483,0.7817430762081975,0.5311810370546686,-1.2601270169346874,0
484,0.7485398044661082,0.4899303031136234,-1.670341933777904,0
485,0.8013552970423585,0.34805959871812947,-1.1409852561817855,0
486,0.8276570780319963,0.338198001706253,-1.629601653966209,0
487,0.8372408426436083,0.34535042269274707,-1.6390697764264361,0
488,0.8990569252898317,0.29421366227663914,-1.5150773771613713,0
489,0.8587681068898425,0.3237326673871323,-1.4944979872103736,0
490,0.8641163957836987,0.3760722701819368,-1.8165424784216029,0
491,0.8736783015126175,0.2433945194900784,-1.9283845587831154,0
492,0.9113349439176298,0.21667198408518495,-1.8782941485313032,0
493,0.8664779035089306,0.20264018376717138,-1.9481638344167682,0
494,0.883015964639063,0.22419517515284154,-1.6605208964853664,0
495,0.9348080259689118,0.17564509933665068,-2.0948888417615414,0
496,0.9119595623535256,0.1440472336967078,-2.2126151807199412,0
497,0.9729280808855179,0.1747381551233527,-2.199287432847792,0
498,0.9879088103117672,0.058991501763784406,-2.1628531339509225,0
499,1.0122062845700435,-0.026498142242262834,-2.113898127790232,0
500,1.0204623789444989,-0.06080041364377844,-2.048778955457519,0
501,1.035467271999038,-0.07286909079666042,-2.0283154835504034,0
502,1.0537363438053513,-0.15189220160972425,-2.0894275704956615,0
503,0.9970738279344677,-0.18904257349273657,-2.0245827830928667,0
504,1.0846269162389748,-0.06846818023873054,-1.7548054978745813,0
505,1.1347805193314326,-0.1504990830136742,-2.031349342217916,0
506,1.0826031821722595,-0.13775550385038213,-2.010629457631384,0
507,1.0885905563211091,-0.27428923115763976,-1.9702195926155488,0
508,1.1359639994128856,-0.2737906738396095,-1.9116739875324227,0
509,1.1492112007732547,-0.28662083581111775,-1.5990167860124844,0
510,1.170928413097404,-0.3962406140553357,-1.689458463281643,0
511,1.165286295418257,-0.3651178634870972,-1.7054892903564096,0
512,1.200842594532108,-0.3765296520935696,-1.4228967313684855,0
513,1.2203167526089227,-0.4024585250943945,-1.7095978027463847,0
514,0.982184118243682,-0.49509203732059553,-1.4584764494467763,1
515,1.0661527699997126,-0.47604883807820914,-1.6391182133518116,1
516,1.0214652527416153,-0.4855769009821001,-1.1613118042467385,1
517,1.1433399266644058,-0.5184166903026358,-1.2668426827708523,1
518,1.068763774493423,-0.537507127629979,-1.1233680628404032,1
519,1.1402619533851932,-0.49967823626054864,-1.0161267637880693,1
520,1.126056885973067,-0.655910719047972,-0.8460268952342762,1
521,1.1670708225275408,-0.6433955870135942,-0.9018586438988514,1
522,1.2692963909357502,-0.5807109767314295,-0.8693505397254002,1
523,1.2850429432434076,-0.6517849055542693,-0.6961064780538451,1
524,1.3974957675125737,-0.5805762911624088,-0.30892277594035145,0
525,1.3736443478644427,-0.7469039663412094,-0.7601278038880357,0
526,1.3571692199883516,-0.7427622084141425,-0.6115289245854469,0
527,1.3435510339170496,-0.7808686352171161,-0.5008040998085954,0
528,1.412730836744382,-0.8599303682664341,-0.5096395059303709,0
529,1.4433337874052004,-0.8525717309906846,-0.25608966717601556,0
530,1.3859680878182825,-0.7246774527670181,-0.062352172044703336,0
531,1.4136982085312066,-0.7972710643911548,-0.46677964346774625,0
532,1.4265396105080386,-0.8074216849218201,0.016285195455985058,0
533,1.4408256936868762,-0.877920007051568,-0.23138490695781333,0
534,1.4069669800975575,-0.9589275965606151,-0.04424202812685207,0
535,1.4927901303566586,-0.8706851384341314,-0.17751845369835095,0
536,1.450885243992115,-0.9460069409956767,-0.10614532492958495,0
537,1.490901844549198,-0.9142627632028053,-0.10604842498026446,0
538,1.469065694710233,-1.01447567192766,-0.11958991548506903,0
539,1.5339204700093036,-0.9774861506508281,-0.09288000816337405,0
540,1.5463526498832678,-0.9920734183215901,-0.11223880611741666,0
541,1.5055699394426134,-0.9398753027001865,-0.1806273944020318,0
542,1.495667416586247,-1.0313328154812216,-0.21820558795960077,0
543,1.5759290446650631,-1.063399954282841,-0.2797335199825548,0
544,1.5402911536449508,-1.052389054629149,-0.36362244064548643,0
545,1.5240227873205674,-0.9321581267086926,-0.369695044611031,0
546,1.5422008984115423,-1.0201712329208592,-0.2320810503118822,0
547,1.598247603463813,-0.932266409870256,-0.32936328982930685,0
548,1.5594944458320432,-1.0657625410156095,-0.3628732158398298,0
549,1.58527673307695,-1.1000581621113519,-0.5392511183461903,0
550,1.5633885063144102,-0.9600854634135252,-0.6152441720554251,0
551,1.5429368952145373,-0.9931683191832239,-0.9853444079732334,0
552,1.5254605101695031,-1.0040679556858094,-0.7156529230320472,0
553,1.6226032314768366,-1.0361026273835998,-0.8933538268200651,0
554,1.6922469755030594,-0.9845306981378892,-1.0100923600854017,0
555,1.5974359746778006,-0.9947336931317751,-1.504600637039358,0
556,1.6389033208131703,-0.941560027155413,-1.1332674914024365,0
557,1.628041651386182,-0.9702661877487279,-1.4899677432727947,0
558,1.568363813139085,-0.9645073618146112,-1.643902019970983,0
559,1.5619687654418106,-1.000053681110164,-1.761588985565447,0
560,1.5948148636310142,-0.9047050154443834,-1.69474951920022,0
561,1.6063550953345926,-0.8723594708358695,-2.0930870662197503,0
562,1.6044677668673835,-0.9038860458392178,-2.1483982917684554,0
563,1.6071014236556287,-0.8972068766464403,-2.2295548204365163,0
564,1.6086303503730188,-0.8896755727293544,-2.4109813385407857,0
565,1.5809384947275733,-0.8958029078045135,-2.4144486219484724,0
566,1.570440501130591,-0.9362315474943914,-2.562701442433954,0
567,1.5813006346503335,-0.8565618957421337,-2.6218864177414454,0
568,1.5970305985914082,-0.8278649334751753,-2.8058676748112945,0
569,1.5689085092029946,-0.8089021335773412,-2.795276548816037,0
570,1.6243491581296106,-0.7144163972940658,-2.972080482936359,0
571,1.6961948461292444,-0.7596864385025908,-3.0458628270803345,0
572,1.5832564577343953,-0.8134283737466195,-3.346394996080525,0
573,1.5411868242889908,-0.7814606950017001,-3.388609960898736,0
574,1.5798844352545793,-0.7061143412468547,-3.396012552497198,0
575,1.6008065033133727,-0.7268946918859713,-3.5702825986965436,0
576,1.5657762782620486,-0.6473381821947719,-3.447424731285202,0
577,1.5792701869556405,-0.7257467475861847,-3.5989727053688667,0
578,1.576829022289835,-0.6204330366775584,-3.680745716194571,0
579,1.5774393540132454,-0.6537751753570095,-3.595799948875367,0
580,1.5202753048105713,-0.693021697239332,-4.04961094757042,0
581,1.5089121097174143,-0.5444832826585342,-3.9390461132498262,0
582,1.5170412045150083,-0.6313744466539979,-3.865989078967262,0
583,1.5329679547569381,-0.4245645822599017,-4.007975956232884,0
584,1.5391014956741,-0.48266793227996035,-3.9791262067561526,0
585,1.4894520758628538,-0.4042076942053368,-3.9901560460769043,0
586,1.4448611827165707,-0.45990875079551746,-4.0517335156784595,0
587,1.4959731180995839,-0.3640748140835741,-4.038660044519801,0
588,1.4989213316951235,-0.4492931032758068,-3.844462035924444,0
589,1.4660918491351378,-0.2832927048385444,-3.8987903771448664,0
590,1.4159265109743409,-0.18872906981831822,-3.8822627586177085,0
591,1.4399925441337111,-0.31741752170631937,-3.8376164147571092,0
592,1.476234535777526,-0.20838872500643824,-3.723425451134704,0
593,1.4776469060809192,-0.15410810890669494,-3.7843420525597296,0
594,1.3861383614386238,-0.1464166003694819,-3.6921524159775516,0
595,1.382012878296862,-0.20325403706046424,-3.5848387440337524,0
596,1.3607465793865448,-0.09060087039441356,-3.705093140950459,0
597,1.416561804617503,-0.005804797227102476,-3.6845345747707663,0
598,1.3638538441511774,0.040476137490895014,-3.504835448775518,0
599,1.3421027330183812,-0.03375089119473407,-3.496912054313822,0
600,1.3400354952097244,0.06970671131894654,-3.2647256279991885,0
601,1.3594564338053836,0.08852199862978727,-3.268582368446788,0
602,1.2700364367431154,0.12493613521896896,-3.2092099830142464,0
603,1.3406455771552257,0.08033166457282964,-3.2151146322514506,0
604,1.3472124694713352,0.07954124648989215,-2.9322125473262037,0
605,1.2834000747962275,0.1814785237044491,-3.018205562393063,0
606,1.3270910038527388,0.24278990342756895,-2.929394884371454,0
607,1.287373336169097,0.1750746954891261,-2.9089792943223887,0
608,1.178512315991051,0.31846744555101325,-2.636308489748945,0
609,1.1783858823330606,0.29071115912299594,-2.503217211452645,0
610,1.1566262673571681,0.4310972099863647,-2.615301545756256,0
611,1.207648456036821,0.31804241587286136,-2.522585502823876,0
612,1.1890721333845875,0.42231019684638843,-2.5069657518926514,0
613,1.1671576506821455,0.44555036809449505,-2.3245711446510526,0
614,1.1748008206491547,0.5046141216399257,-2.126202712174033,0
615,1.157292255611838,0.4414456396308183,-2.4048714755983736,0
616,1.1163077139431226,0.39083227847685303,-2.301703171067865,0
617,1.1347124391177978,0.5541628520732317,-2.5046474924409323,0
618,1.0871455816444886,0.5537376779027088,-1.97816138535248,0
619,1.1169947126949389,0.6486315571373316,-2.057880777630833,0
620,0.9608822524528189,0.5771351571885452,-1.851865776428125,0
621,1.022578201675717,0.6620224153390015,-1.6390098803271482,0
622,1.032025613535964,0.6580657621123682,-1.8896255816269545,0
623,1.0318867098563052,0.6359033378755214,-2.027159695772545,0
624,1.0410922836136178,0.6802795207577882,-2.1013286886394216,0
625,1.0568282823608666,0.7808965963150039,-1.9601979567150745,0
626,0.983321514588618,0.7918568106570387,-2.1616812113395265,0
627,0.9596267026222987,0.7511094105086643,-2.177573266288067,0
628,0.9713992842855844,0.854915696286898,-1.9361698646679835,0
629,0.9688584201173627,0.7146074546894974,-2.108752504719308,0
630,0.9089993836798437,0.7702867767936941,-1.9214017755338533,0
631,0.8943336395546525,0.878977396031273,-2.1472725992069193,0
632,0.8289382461665856,0.8547530097674904,-2.288344584576493,0
633,0.7949126488972247,0.871953640438431,-2.3833990588985516,0
634,0.902993119049424,0.8852686219816513,-2.3224567076370546,0
635,0.8605879207015225,1.045586578511403,-2.2506887268741265,0
636,0.8220484504216568,0.9505474337764518,-2.5535011099445315,0
637,0.8031481997869395,1.0285650035438385,-2.724189400141299,0
638,0.7923727702930905,0.9112520076036473,-2.587860810579397,0
639,0.747948428217238,0.9131345465422898,-2.4509002080327082,0
640,0.7468445758563422,0.8117965990489766,-2.7350201264948186,0
641,0.7437895382297761,0.9896163002434136,-2.635924776689074,0
642,0.7485310308094788,0.9782364926030146,-2.8215089721845734,0
643,0.7012337075895186,0.9744707837952532,-3.08262252984156,0
644,0.7152068435723602,0.9452062597442819,-3.1000946017525712,0
645,0.7007164789150866,0.9503537548667753,-3.0342486795435955,0
646,0.6984436026992618,1.0169754615745021,-3.115736843459531,0
647,0.6260996672643562,0.979565644729005,-2.8981899442862824,0
648,0.6503153949334062,0.9406369694211821,-3.597718942771607,0
649,0.60878458596987,1.0466786641688055,-3.241476828136105,0
650,0.631183241219247,0.9702702802111325,-3.5252051674963942,0
651,0.6275651159442138,0.9493035260815591,-3.502880966630335,0
652,0.6696279131953342,1.0707635047259891,-3.775202730790345,0
653,0.6349230859836097,1.0098046828185208,-3.674881564758335,0
654,0.6049268710722515,1.006870415546965,-3.770107839881005,0
655,0.5947232496820409,1.0711488754496135,-4.083229912839689,0
656,0.5673901938177435,1.0234734536789525,-3.873019422686693,0
657,0.5818616609572067,0.9677908040165148,-3.9945556057315477,0
658,0.5498396783746704,0.9741027545186102,-3.9723014254304942,0
659,0.5326211338821212,0.9311195948967953,-3.7096271721680987,0
660,0.5170723751188466,0.9910984156974916,-3.7692399053685364,0
661,0.5019475293297274,0.9591732754416562,-3.9648149155209165,0
662,0.5521391309515971,0.9637683954079506,-4.039491287017472,0
663,0.5643788792685223,0.9427931567945546,-3.9257030869151532,0
664,0.46903107336159067,0.9519079029145979,-3.919686077183704,0
665,0.45291527320158176,0.9515292973064797,-4.03979190460117,0
666,0.46655516693094845,0.9646592700381365,-3.832846872869113,0
667,0.4653858732347802,0.8649310724637068,-3.742837864169931,0
668,0.4707905923851794,0.856695631515209,-3.585603205054125,0
669,0.41703058284633576,0.823513086768327,-3.973992718990231,0
670,0.41049496763097926,0.8659123367825821,-3.5618080739200915,0
671,0.4312637123029829,0.8676297352363809,-3.8552774332014397,0
672,0.4210047899238276,0.7210016702333389,-3.6252605590171534,0
673,0.48126556799920006,0.7657323059690335,-3.474453920315211,0
674,0.470646651942739,0.700808394916751,-3.376592886198497,0
675,0.39809402730909915,0.711186660849137,-3.3910908411529554,0
676,0.4477232607615653,0.6930233359088864,-3.2857012741097242,0
677,0.4470345556920572,0.7541931819788465,-3.237899822236369,0
678,0.45537288931275466,0.6126266177017615,-2.933486689161535,0
679,0.42776845782291806,0.5601244124389085,-2.746302321197695,0
680,0.47064215731356296,0.5865912060181806,-2.7738842714007568,0
681,0.40849246032665887,0.5136953712475938,-2.8638147670045906,0
682,0.3756258182229226,0.5037574652875012,-2.48613392354056,0
683,0.4267603687139313,0.41587436744791184,-2.4758353953958454,0
684,0.41450008021012186,0.4467014686984907,-2.370896477615914,0
685,0.388524994054238,0.5253233086036513,-2.0836750311220045,0
686,0.39893657399310445,0.3967281145224156,-2.050208123604025,0
687,0.38581165312256827,0.40184851503270086,-2.0030846733534458,0
688,0.38397187791458887,0.3297773504160263,-1.820421289540254,0
689,0.4472969307811103,0.33495926220807504,-1.7472087094198383,0
690,0.3788701261709081,0.2666585027027047,-1.568787305472783,0
691,0.391531690148739,0.21004635669286786,-1.3696500526096176,0
692,0.3958129358907295,0.2518394881983708,-1.3768093799486438,0
693,0.4048773112213946,0.11501866705489096,-1.1730001021462015,0
694,0.4281734265918753,0.1746605359458416,-1.168444165244646,0
695,0.3776898899516755,0.11532782838878042,-0.9654887200010058,0
696,0.4033933484068042,0.13227390008631454,-0.9057357183831445,0
697,0.4082884506636617,0.011259688200462886,-0.7983410115074383,0
698,0.4619851500330685,0.019061702334562475,-0.7229652369157382,0
699,0.44629540265532963,0.046753475082539186,-0.7964214163646637,0
700,0.4649851913956481,-0.026843758063451503,-0.35380313896964766,0
701,0.4360139449176007,-0.07758797836242079,-0.26269538581276364,0
702,0.4259845858517206,-0.13738096972638913,-0.38059568060668614,0
703,0.402903736595579,-0.11462221520726572,-0.32845281129841464,0
704,0.45787924817775394,-0.13807746409541127,-0.16364873894801013,0
705,0.44323884361184496,-0.1704324121356173,-0.18338870741425106,0
706,0.5100351323654695,-0.21152967809988382,-0.13397722710218285,0
707,0.502747271127558,-0.27192326986497833,-0.2605279541960144,0
708,0.5088176527186824,-0.1947709366385982,-0.21153907992609433,0
709,0.5284163504888966,-0.2916970314456914,-0.3240167996980836,0
710,0.5092009318763482,-0.2308467313785721,0.03643995984300341,0
711,0.4769032232216275,-0.42788692048492855,0.07857733555439039,0
712,0.4752424942642417,-0.40811414198430696,0.053938478685501945,0
713,0.5099090893658969,-0.476622415086775,-0.052751773441262806,0
714,0.5182575326337384,-0.49972649716218565,-0.050798795881139336,0
715,0.4932584520675203,-0.47568134411454016,0.1255555442135794,0
716,0.5646053297864488,-0.4276760059374652,-0.24949424475376047,0
717,0.5451066568744924,-0.5503002710905608,-0.18404184961880898,0
718,0.524887517907145,-0.570681837799797,-0.3310187844544106,0
719,0.5785741087097829,-0.5708211528796386,-0.20780817314749123,0
720,0.6408238237895711,-0.6475480155794444,-0.45046730765047704,0
721,0.6473520570188815,-0.6802125993472633,-0.7301901708278862,0
722,0.6005644718539498,-0.6336634822537388,-0.46651321577439453,0
723,0.5717705376599724,-0.6989323344164596,-0.49984276951078455,0
724,0.6840317810315433,-0.7514580049096671,-0.6912490255480532,0
725,0.6242214421412242,-0.6635181285679908,-0.6212948857072498,0
726,0.674559611344437,-0.75746233522873,-0.5619215915501541,0
727,0.6479527417220758,-0.7462280731394314,-0.9034661486486184,0
728,0.6330143407154978,-0.805462666916962,-0.923812412366952,0
729,0.7140713921479924,-0.8766609829613148,-0.8504999163250104,0
730,0.7291119326963822,-0.8061104819816538,-1.0308203078279803,0
731,0.7501390491233961,-0.7975845483874956,-1.0206696751665065,0
732,0.7579685163744545,-0.8601951789340221,-1.0931590084555363,0
733,0.7732291453662921,-0.826247449399847,-1.3173179779982709,0
734,0.7633514695011269,-0.8827279017764713,-1.3607511288171317,0
735,0.788558494311103,-0.8683068391433242,-1.5652303480798635,0
736,0.8275521363730787,-0.9651597045451248,-1.7703226431265855,0
737,0.8889926696522259,-0.9734178207459961,-1.552791395354895,0
738,0.8473268785585591,-0.9769009141738105,-1.493920213262634,0
739,0.8875167785034775,-0.9079004332453601,-1.6035584087487784,0
740,0.8181120350290761,-0.9259646954149897,-1.3939355804662787,0
741,0.8774401399634557,-0.8803759823160437,-1.8783371909074305,0
742,0.8739434662159679,-0.9917456526949681,-2.0554739368533173,0
743,0.9314873046416435,-0.8673283455910024,-1.9089317352605268,0
744,0.9002829877473706,-0.9648201136041045,-1.9817741606844517,0
745,0.9027304854669952,-1.0530224044403675,-1.9216002060546995,0
746,0.9473828661959882,-0.9805432827605642,-2.063145702960399,0
747,0.9615621603533016,-1.0207038677547162,-2.077814106972713,0
748,1.039243502440604,-0.8739495128226097,-1.9880971426478817,0
749,1.0283775671286763,-1.0139189145741072,-2.034439066525491,0
750,0.9924001420732548,-0.9229407932554778,-1.905690980346615,0
751,1.0197806460846783,-0.8846268788386127,-1.9615046583430593,0
752,1.070068907856183,-1.0076752582184247,-1.8713270235863513,0
753,1.0276684178095234,-1.0292157743204506,-2.0314062584575043,0
754,1.0641613644506498,-0.9470266801353397,-1.9503680388292315,0
755,1.0843948162412826,-0.9872673481631178,-1.9885846332559862,0
756,1.118080571257219,-0.9527859050873718,-1.7900108828367909,0
757,1.1282978488811495,-1.0306755042682632,-1.730910635811261,0
758,1.0980311355498313,-1.0013669874436133,-1.735233067862684,0
759,1.11082943085193,-0.9259170749355173,-1.6401861344929738,0
760,1.1731208012573275,-0.8832525486883323,-1.729862205917883,0
761,1.1892392717260027,-0.931691508811198,-1.6836475674232632,0
762,1.1462174584758937,-0.911392649705131,-1.4276113199663012,0
763,1.1534481041904951,-0.9579693162856479,-1.379170096936318,0
764,1.2106887350982936,-0.8993430831472312,-1.2971007777704306,0
765,1.2339077911345107,-0.8924843678757107,-1.1371138973418673,0
766,1.2394589426127545,-0.9310300711603557,-1.0812842906308113,0
767,1.2134257009509746,-0.894075534402036,-1.228506412689494,0
768,1.3053709613221294,-0.8544516536950933,-0.9598522068451981,0
769,1.2649638551780376,-0.7992079580039391,-0.7779741396604571,0
770,1.2770970131269148,-0.756149322010014,-0.8569819511563426,0
771,1.3220694143109981,-0.7957396081486684,-0.921588612119765,0
772,1.2836255260064515,-0.7179522931845738,-0.7824011723624416,0
773,1.315001173065005,-0.7744435707121945,-0.7676621920141411,0
774,1.3703502921705941,-0.7192415212738278,-0.8089223732352027,0
775,1.3187329662055234,-0.670970100713157,-0.5913487092344336,0
776,1.3489744972826014,-0.6233362847449028,-0.633792534587329,0
777,1.4571912391735107,-0.619554591101243,-0.38514440409108963,0
778,1.432702699259537,-0.5867583450852651,-0.42125758004869596,0
779,1.380462255773487,-0.6348949455128665,-0.4325076305534574,0
780,1.384957435686282,-0.5696388881001455,-0.4083637362040631,0
781,1.4428062329922873,-0.5388275169325839,-0.13265805803345776,0
782,1.5033918058265534,-0.5345937638662274,-0.0007725043675335108,0
783,1.4211775718231592,-0.5074277199726456,-0.05093997138820039,0
784,1.4328946602024841,-0.43993296258357567,-0.1936437098294248,0
785,1.4568730928533178,-0.3576267432422693,-0.1706878567333352,0
786,1.4874453977919926,-0.3446194757028734,-0.1323131232832484,0
787,1.4340547292899224,-0.4086602568709214,0.07576136930886479,0
788,1.4733961296462108,-0.26594585895973466,0.08234444507321115,0
789,1.5198370761830278,-0.26403886805043875,-0.1362880805800486,0
790,1.4982568285799371,-0.2976727126430454,0.031160735781571747,0
791,1.4948731457862294,-0.24457478310480835,0.02318230434656554,0
792,1.5070409328702552,-0.19561432120289773,-0.12551752088741353,0
793,1.5535450919811806,-0.13802331446499067,-0.1904249769226174,0
794,1.5337273768448052,-0.16737887040381397,-0.2691048835905294,0
795,1.5295703126694995,-0.15898771326193403,-0.2580444765468659,0
796,1.5516167579345765,-0.1445591442571949,-0.49801246358747786,0
797,1.5673975646492497,-0.01250196344798716,-0.5685349509006645,0
798,1.542450260359662,-0.015430017345594776,-0.4532571310500426,0
799,1.62416538519478,-0.008351942779977257,-0.4802319679748337,0
800,1.599554511622237,0.0353116047551502,-0.9558528696055455,0
801,1.6127226919947173,0.11122077828298724,-0.7345832305501501,0
802,1.6154217980802552,0.1733504735654331,-0.6960717207036184,0
803,1.5893153374236633,0.30225857946359275,-1.09331238277125,0
804,1.6139209916504353,0.1345638783724968,-1.0571397828560274,0
805,1.5340994923207423,0.2521183401325602,-1.262073681306271,0
806,1.5440918004884923,0.14230762909660738,-1.4251439601962441,0
807,1.6329300562743752,0.17531284854337167,-1.3605205093689277,0
808,1.5859370239157424,0.21150229768572854,-1.6101142340688839,0
809,1.599455837128935,0.38513737881800014,-1.8002149980653592,0
810,1.5838806613993617,0.3450311887518296,-1.6704977980868236,0
811,1.6423348390691612,0.3997767843867749,-2.1147661080567772,0
812,1.5631864265869222,0.47799188098581946,-1.9711403754370624,0
813,1.6029914253425963,0.4749202365526462,-2.2588171902454395,0
814,1.5611707366917513,0.4272121607299872,-2.1754370888040038,0
815,1.6101209152327547,0.4669072454596522,-2.428291333205873,0
816,1.6497785287376616,0.4417409310873318,-2.5151547597599255,0
817,1.601374313006311,0.5232860624578157,-2.623766746344952,0
818,1.6035882693630703,0.5181010366271569,-2.7991307542074946,0
819,1.6125228849486968,0.6820399364990569,-2.8093143143309627,0
820,1.5631307115877968,0.5770971271598891,-2.7656240664307914,0
821,1.5870131587784306,0.6211730483946524,-3.2077577881577146,0
822,1.5992564010098012,0.6629937422248138,-3.194813261353015,0
823,1.5630028118078183,0.6619582912659604,-3.1260305771641823,0
824,1.5977168268544166,0.7215854846953694,-3.3525467631799564,0
825,1.5786484532763732,0.7192267091712271,-3.3525389480676164,0
826,1.5650384708271565,0.7254612188526175,-3.562050149816856,0
827,1.5481775574948455,0.7858398134989708,-3.5984195652160853,0
828,1.5527512304051885,0.7631985029903761,-3.650182816589051,0
829,1.5539195883005974,0.7846974978120367,-3.5917392658314653,0
830,1.5396217745167022,0.7927070176447685,-3.7534716522620295,0
831,1.5410425694055547,0.8228048819518351,-3.7311606027975674,0
832,1.4845124214440095,0.8678919062485353,-3.9439921926516424,0
833,1.5539002451640385,0.8957163414531364,-3.8746905006386623,0
834,1.495388615737283,0.9238122240962404,-4.016421538360754,0
835,1.4791130273764572,0.848354283085303,-3.94307041585894,0
836,1.5398470947140313,0.937082413749969,-3.827751443164336,0
837,1.4894632093871318,0.9185308736016053,-3.9592994169710263,0
838,1.4713917140640047,0.935784902746249,-3.9734583399762404,0
839,1.4488109240724552,0.9915247624610825,-3.9604867894815623,0
840,1.44543988710104,0.9838553968582847,-4.059390829007736,0
841,1.4654077553575016,1.0286436282237164,-3.9653104720286185,0
842,1.45037197392247,0.9738474972680882,-3.7212685778298527,0
843,1.4196878845629048,0.9815376049152224,-3.811251997630309,0
844,1.3716537718780097,0.9112327125910611,-3.7149208545619796,0
845,1.377122784516275,0.9693359237849332,-3.7445142081885896,0
846,1.414887830531724,0.9291580727159692,-3.5853880851207616,0
847,1.4014806202047172,1.0334800631926622,-3.670093631845875,0
848,1.375327507171059,0.95133572963854,-3.4151092736293416,0
849,1.3843297131673664,0.9599751660915159,-3.3471353774690344,0
850,1.3369240294538363,1.0620033135599585,-3.3834132608750442,0
851,1.3662987181040265,0.9312934832414185,-3.0686981059600402,0
852,1.3136327754842239,1.0229525815126481,-3.309841771982353,0
853,1.3325578325594352,0.9559811045229044,-3.3965727857563555,0
854,1.2989342208500319,0.9909393876658955,-2.828136560008943,0
855,1.2777125995394332,0.9492409000849583,-2.848177045056912,0
856,1.284050909104641,0.9913242135446303,-3.0569926234760496,0
857,1.2778400576965998,1.0063970321556641,-2.756353448595963,0
858,1.2439601112211878,0.9779925645112904,-2.4045881681765033,0
859,1.3102278067223347,1.0140392824417568,-2.6111193457980653,0
860,1.222999843704127,0.9211333870410743,-2.49595522689985,0
861,1.1575616090040874,0.8919832934867231,-2.5574200519428607,0
862,1.1977612771243906,0.9557970076009616,-2.2971617606277146,0
863,1.1648464731038848,0.915529971023013,-2.4506267445761565,0
864,1.0977258364785452,0.9379871416976037,-2.137911236169464,0
865,1.1494556365536075,0.8644813119880745,-2.0685807299640513,0
866,1.1061138712921494,0.9190352913560725,-2.1242418402373344,0
867,1.1322848001470511,0.9170275632874851,-2.1534092807110863,0
868,1.149988794262145,0.7644562680547848,-2.0242926289199072,0
869,1.0316336202492948,0.7794556377476403,-2.0508992424286183,0
870,1.0238630916215548,0.7796645401154005,-1.9081532529189085,0
871,1.0402647594896997,0.7690268189141464,-1.9500103928748618,0
872,1.0310356006518728,0.70991336261754,-1.822173739652126,0
873,1.0343098379600568,0.7123502968380084,-1.9081859880396326,0
874,0.9432403000317146,0.6903028989101623,-2.014102773107231,0
875,0.9406595380098934,0.656857923685783,-1.9197145358834273,0
876,1.0039342865843943,0.7286622026828693,-2.360973088860441,0
877,0.9053724435801282,0.6473522902589287,-2.058337645410482,0
878,0.9681859787654701,0.6472911624745965,-2.3376137862888626,0
879,0.9088081539214065,0.6313732051430359,-1.9773188952734222,0
880,0.948399210098848,0.5388640273500812,-1.777454095255454,0
881,0.8760852797476488,0.4516348654109675,-2.09987825686745,0
882,0.8810271280175651,0.4775704990869745,-2.1253292463425404,0
883,0.8502746622953075,0.4512022776798088,-2.3361471377148413,0
884,0.8698423093497905,0.4429502306259563,-2.3197241090650795,0
885,0.8526474862838607,0.3938356894722315,-2.1838410566822475,0
886,0.8122282041766815,0.3886231969487571,-2.3398117181928466,0
887,0.7987066692654327,0.45684875219442994,-2.730540901663132,0
888,0.8469349246991358,0.31793441939676703,-2.669594613452145,0
889,0.7583940508390308,0.36989525268182877,-2.7203338704204354,0
890,0.7725263603216711,0.29041522441054846,-2.546675191461211,0
891,0.750097220550394,0.2840065870138404,-2.8073915980636506,0
892,0.7790244643658927,0.2500295731805768,-2.857620358065422,0
893,0.7071081463125848,0.15750764342683682,-3.0554477738503967,0
894,0.7031233670179555,0.09608084734074844,-3.1541097844015447,0
895,0.7314404633757172,0.16738967625702883,-3.0863525804364453,0
896,0.667832088035198,0.08971061950692463,-3.19556728852179,0
897,0.6812200164141891,0.13906726872278818,-3.421603877471827,0
898,0.6466922686785983,0.044788179976068626,-3.198335803504403,0
899,0.6485225043267857,0.09291418931986253,-3.1454579655616706,0
900,0.6017138271346347,-0.02494596710022058,-3.2266941068259656,0
901,0.6095281948759389,-0.042922536741171344,-3.3402685428571126,0
902,0.6263796143303805,-0.09077446496973696,-3.6929886331167987,0
903,0.6247917753641515,-0.04477608679505614,-3.801263040938168,0
904,0.5977560486773198,-0.21109078318506025,-3.7780452636740263,0
905,0.5531394630669644,-0.16632743805811448,-3.7880380300967422,0
906,0.5613215279630999,-0.2338754421485673,-3.8218900587196094,0
907,0.5888092851138866,-0.17603113787963415,-3.841911016402033,0
908,0.6219869601422499,-0.3375367899606881,-3.857648959394136,0
909,0.600145785416478,-0.3159913066841574,-4.000048959048138,0
910,0.5703582873346992,-0.345154864146065,-3.8660763726041774,0
911,0.487669488576794,-0.5038601417973554,-3.9397687050677215,0
912,0.5303128684859373,-0.43621702402844353,-3.9033837582472164,0
913,0.4639768662130543,-0.3959055774960167,-3.988684116675115,0
914,0.46970439408575837,-0.4871284343950256,-4.053515727683264,0
915,0.46716612000265567,-0.5160084268126416,-3.643984064691466,0
916,0.504815306277659,-0.40735877798877956,-3.863666877373651,0
917,0.4966839800063394,-0.6448154021939134,-3.6875871033232333,0
918,0.4554695198621683,-0.561312073052961,-3.795157734641331,0
919,0.44238536586506516,-0.6671317601679179,-3.9550900909427398,0
920,0.4229425084902865,-0.5871300268285049,-3.6552955422186417,0
921,0.48955372316445445,-0.5584817603078327,-3.709186523128981,0
922,0.38591566897139595,-0.7269377705912727,-3.8570501054967297,0
923,0.5016458592550795,-0.7405945744501287,-3.363661312688068,0
924,0.41966378111575886,-0.6936484347168969,-3.5608897210394206,0
925,0.4186209207568007,-0.6879631219919304,-3.4024680438474135,0
926,0.44082807296978277,-0.7222091779615134,-3.165543966021499,0
927,0.44500812934596345,-0.7934024609899447,-2.962324422428562,0
928,0.42725754699099805,-0.8497599092187152,-3.0837943540311263,0
929,0.4132956840104841,-0.7925044014687157,-3.0167433476370054,0
930,0.45091884593233844,-0.927627980574964,-2.8667122417632487,0
931,0.4414575134038844,-0.775099029746012,-2.6313587488062726,0
932,0.3814164512900824,-0.8437113536462293,-2.6223288433353344,0
933,0.38741639820596774,-0.8684663183072687,-2.184343392394216,0
934,0.4013340235686055,-0.792274107973592,-2.3720090331366572,0
935,0.38426539693084705,-0.8234683824000211,-2.1195819857998357,0
936,0.3822785265221008,-0.9958153622173866,-2.3610676840674096,0
937,0.3851286746903414,-0.8791851137239723,-2.0854162208985016,0
938,0.4220855706566169,-1.004635198063374,-1.9581714141241437,0
939,0.43753575956263624,-0.9859272958525926,-1.5954673358927263,0
940,0.4124772146766523,-0.9234461852386643,-1.5840903083975106,0
941,0.41161980041966495,-0.9889738496512139,-1.4497410318396777,0
942,0.45182361838679763,-1.0328489408949746,-1.1577440393088527,0
943,0.3931578804489837,-0.9992776264447976,-1.1050443365856302,0
944,0.43992582922789136,-0.910612365006378,-0.9712775158965686,0
945,0.4180851394143489,-0.9915366222375163,-0.8339177705732581,0
946,0.37500381389881343,-0.9818449202425599,-0.8050993836112024,0
947,0.4129364447697508,-1.0116568449271155,-0.6862150737585386,0
948,0.42913140481345635,-1.025997267537795,-0.5950547748196835,0
949,0.3912460657970681,-1.1039098696127922,-0.46369761023774125,0
950,0.4566561048002775,-1.0532999120225324,-0.5118436896603731,0
951,0.42057323846546935,-1.0494639246060224,-0.3240581864414005,0
952,0.4667325025781751,-0.8698085260117829,-0.4620748009125448,0
953,0.41715754462194143,-1.1170792964831047,-0.2731292093972877,0
954,0.41301898542767734,-0.9072198302133239,-0.2557381512719654,0
955,0.462809254482633,-0.891074348751423,-0.28249199449324314,0
956,0.4763033255735071,-0.9128556375787455,-0.3425843891322351,0
957,0.4390522114408396,-0.9790471194675824,-0.1833397772080143,0
958,0.4779353953924841,-0.9294968765955135,-0.21099469108798852,0
959,0.43709184107238697,-0.9413268055733114,0.10321801648749473,0
960,0.5434446389289126,-0.9736688522941601,-0.10964047032001956,0
961,0.5145512993347671,-0.8898563293618987,-0.1351280280485383,0
962,0.4865991675573838,-0.9498628124696069,-0.10436439056500402,0
963,0.5234781391700741,-0.9781469960082815,-0.015089482026789502,0
964,0.5172281003927992,-0.8743922473589,0.10305713309574682,0
965,0.5198197255675798,-0.9567302848923146,0.025242591361502864,0
966,0.5407996544304299,-0.8031934247093403,-0.17209936595117514,0
967,0.5442669631586206,-0.7841294045177223,0.025980779024993295,0
968,0.5766251832831822,-0.8756733346851084,-0.22099838302124275,0
969,0.5959213630088088,-0.7967610886580861,-0.38503060032293934,0
970,0.5967509174621345,-0.6894448436440042,-0.3687496290211316,0
971,0.5746084250857939,-0.8115255173831725,-0.45850246966353536,0
972,0.6662702808649608,-0.8557727549475806,-0.26838524516333506,0
973,0.6500078285687362,-0.7177624043175642,-0.6586152658555622,0
974,0.62594448061616,-0.7386735978550079,-0.5734707979358025,0
975,0.6569645139188123,-0.6641665750438168,-0.6068965716376247,0
976,0.6701449908976485,-0.7419213264123019,-0.7731466513119145,0
977,0.7101498985794383,-0.6250910474835756,-0.630888446537603,0
978,0.6776277180909338,-0.5610319698659542,-0.7058940776098681,0
979,0.7636604152691291,-0.6570721295826647,-0.8683400355996445,0
980,0.6861276252648558,-0.5268058517494122,-1.009143885175476,0
981,0.7445876372044764,-0.5551886235776784,-1.043459378332609,0
982,0.7484791959644533,-0.49019066647337833,-1.1519392830565172,0
983,0.8194759687987918,-0.5409873803977867,-1.2990814641012318,0
984,0.7218818656260737,-0.5353382802281577,-1.5638026204115658,0
985,0.8217100056352735,-0.49438038046807453,-1.2326032553403472,0
986,0.7951800001866927,-0.3176194553563607,-1.4749272548907688,0
987,0.8042289139083655,-0.3960741402913678,-1.3744239830034073,0
988,0.846749188806317,-0.37204854993727676,-1.7246030011655118,0
989,0.8517405379779571,-0.3808814208100296,-1.8554596236082195,0
990,0.8657798464707194,-0.32809485069820915,-1.8288296439377416,0
991,0.8479501762275502,-0.34057427535500356,-1.7192893723963034,0
992,0.9597635587695008,-0.2550962774947039,-1.6687191623604518,0
993,0.8869999166114396,-0.17157124821894731,-1.9640993149174748,0
994,0.9398968438113566,-0.1668491123699048,-1.9645513562868473,0
995,0.9432712045936912,-0.1678691753180678,-1.835853504707874,0
996,0.8904484033573761,-0.06506625633817543,-1.8743696637286626,0
997,0.9527585585176651,-0.13514634382367074,-1.928170480519688,0
998,0.9724955435020134,0.07809122269540478,-1.9090650004483296,0
999,1.0261741211319835,-0.002719332618978119,-2.2092633315993924,0
