timestamp,value-0,value-1,value-2,value-3,is_anomaly
0,0.01906406885925932,-1.9379098300181974,1.009767797341056,1.2920183402934424,0
1,0.09620751732587085,-2.0331223263997047,1.008365348899308,1.2833081254881582,0
2,0.12506422684913,-2.097805905712382,1.0134303577001995,1.2164746070684251,0
3,0.12536713781781605,-1.9678395822362509,1.0087208813141428,1.2534451442646195,0
4,0.16278780835804185,-1.8775828694518004,1.060078033120442,1.3264856732237504,0
5,0.1310099637562158,-1.9632428331418559,1.0350123115724112,1.3023694276096636,0
6,0.17305174907753695,-1.8604398976669212,1.0735081836863292,1.375543390731185,0
7,0.1993850563690734,-1.7537193287212474,1.1136402575802815,1.2556226444762668,0
8,0.20228032355866044,-1.9068968060717228,1.1058016626276368,1.3376030650420296,0
9,0.29966185655177424,-1.7335941415464102,1.1435277614978654,1.2998190290999485,0
10,0.33691715366892555,-1.7262404334882988,1.1716176521007693,1.3332028854218034,0
11,0.3889971594487034,-1.648117974666177,1.1745249262503332,1.2758537163902528,0
12,0.3583238539271477,-1.5321695676366471,1.2001787717822072,1.271025025088907,0
13,0.39287423948843897,-1.5234498209815344,1.1663248392647332,1.3176004883960926,0
14,0.44425977622600804,-1.5865945795499674,1.1977517555300283,1.284274122087395,0
15,0.5241620890834917,-1.2993239325751647,1.2460144771840098,1.3415389897151009,0
16,0.5145620447690843,-1.4739241984604412,1.216113450959236,1.3491451646277688,0
17,0.41850755866900546,-1.1363278310595857,1.2670342436800504,1.3493739954879567,0
18,0.5194326048932876,-1.014579316907073,1.2328625456512947,1.3040019752072658,0
19,0.5304035726920318,-1.2265429442258422,1.2441920962524058,1.3311581076981736,0
20,0.6193021153988925,-0.890687769144537,1.2474123043000038,1.3303326871267955,0
21,0.6013980794982322,-0.8024528554489367,1.3161140918494687,1.325758293465722,0
22,0.6896966846974366,-0.9343732469027488,1.3143063276268683,1.2455659217386235,0
23,0.7004011934989279,-0.792818225653712,1.3152496651371202,1.2942238055198776,0
24,0.707211212668479,-0.6093940651558392,1.3180964556177828,1.3818006289741072,0
25,0.7552564191646658,-0.5997030667739691,1.37663366278808,1.3065048263034282,0
26,0.7133902693341297,-0.3814733842383087,1.3635935692231473,1.2870507995977727,0
27,0.7557664314332541,-0.410288260061912,1.3840146538443714,1.3840561250184011,0
28,0.7828776055269925,-0.4830672866760717,1.3761901731011053,1.346912803774578,0
29,0.7828501657660974,-0.2170039167542035,1.4066176265780435,1.2481336053704064,0
30,0.7755124567880588,-0.3547471449581836,1.4545096640974016,1.2940595681561233,0
31,0.8308069708000838,-0.3071530058097891,1.4060442290037087,1.3285897205349397,0
32,0.9161465238810289,-0.06340030661569118,1.4679739778402117,1.319320577786751,0
33,0.8320730955360528,-0.2330470121048882,1.370062856125664,1.2862349466366667,0
34,0.8679548628716188,-0.07527836366381124,1.4367481672415636,1.3714293528556107,0
35,0.9275085559575393,0.01733273108505684,1.4939056421153223,1.3516105616083094,0
36,0.8819656412188808,0.08754490771975143,1.5296883063644935,1.2673696307502496,0
37,0.9264569898027524,-0.057214258224804526,1.4828933213159057,1.3341136892891818,0
38,0.9923319173876518,-0.09872177551060979,1.5502693258949785,1.2604734962373187,0
39,0.8766266391326843,-0.01827377608202685,1.5122515437479913,1.2570275145668646,0
40,0.9902469282444956,0.01793940807071115,1.5131692333660176,1.3662156923304785,0
41,0.929974472802906,-0.13534815433623137,1.5027016661472559,1.372696075226133,0
42,1.0176073602359152,-0.23581858875371497,1.5560922912376531,1.2335209697694811,0
43,0.9315273781094817,-0.3784288148406372,1.5660818588370975,1.337437212052432,0
44,0.9584711068252695,-0.2030997776097787,1.5613813913140226,1.3638152002705275,0
45,1.0004198203330181,-0.04711212188417435,1.539999770752889,1.381617869815173,0
46,0.9808945271010956,-0.33406482959460027,1.5351767409258827,1.3250231942425266,0
47,1.001564703045837,-0.4891134545185729,1.588469084813551,1.3013099630681,0
48,0.9725509715472695,-0.633112349768306,1.544975254574398,1.3100647384779667,0
49,0.968239840725525,-0.7777203559022123,1.5388878518081444,1.3088520868081452,0
50,1.0165128724083121,-0.7400724039319007,1.5711708255910102,1.3737520870177606,0
51,1.0391968168361914,-0.6503010060729495,1.5328043675794891,1.2895786492276147,0
52,1.0431714667306804,-0.9269300864183587,1.5444756864857347,1.2664859445310024,0
53,0.9862803719205187,-0.9270596806235727,1.584153924467418,1.2501398149583722,0
54,0.993142430640445,-0.8078177282187635,1.622322553466442,1.3856110270181474,0
55,0.8889446207320892,-1.006045520141397,1.5709175608791281,1.3043207933045846,0
56,0.9626987956192257,-1.3701540196222466,1.5932524492320996,1.3226800857539651,0
57,0.9813878837360417,-1.344266539987382,1.5554233700881057,1.2761796035606434,0
58,1.031339299393308,-1.633064229266048,1.6499949224462516,1.3248582913395175,0
59,0.9471176811926243,-1.5624501497387644,1.6104226829873047,1.3533716659398747,0
60,0.9027104768175968,-1.714093628663594,1.5913808394510986,1.3810757235687963,0
61,0.981873775327785,-1.8634320731132403,1.548446360564891,1.3439459538108502,0
62,0.8912828786313053,-2.136127855554174,1.6043883185161913,1.3065571506780416,0
63,0.936769740388139,-2.239522421390662,1.6089314708897064,1.2677557842257792,0
64,0.9746082583482826,-2.460036400592418,1.6065528759467906,1.3245006886287365,0
65,0.8969856861393716,-2.331644159674008,1.6581225096073422,1.3135034389701485,0
66,0.9591304549085464,-2.4296393097335773,1.5986642155124258,1.2731143824300253,0
67,0.7945333149033451,-2.33895630873595,1.6743931260833782,1.3195160064604379,0
68,0.9083184521217182,-2.8307564451169043,1.5760310499741785,1.290171169106896,0
69,0.8349526132865625,-2.7414338530519977,1.6458800282708284,1.291486036130818,0
70,0.8634227850560692,-3.0196505166435497,1.5614003986773612,1.1934798661175485,0
71,0.7770868769633368,-3.0319727305915167,1.6260133170619337,1.2028842071521344,0
72,0.7870837979535539,-3.143895243304412,1.6304513243744454,1.2032537978247375,0
73,0.7733266842407934,-3.2240513850074866,1.6204407777644594,1.225144901366497,0
74,0.7468620602175831,-3.1781292951806774,1.622859699173357,1.2179564390399045,0
75,0.6828405580389847,-3.447927177482579,1.605149049701366,1.304055406190019,0
76,0.657721776156827,-3.3837645277704347,1.5223892069659728,1.324479753562046,0
77,0.4857788836432383,-3.6424959491882,1.5222317192147294,1.267860228044529,0
78,0.624843763573969,-3.619131641700889,1.5826983303043611,1.2835075222767487,0
79,0.6831254033345604,-3.783361969850753,1.5428166495444886,1.2189008863357955,0
80,0.5583609288107614,-3.853344486055324,1.5310164701539317,1.2937299851464639,0
81,0.5844991561158035,-3.8098320806219914,1.5542215231232135,1.214064422977639,0
82,0.518175839757009,-3.8716985493452585,1.5385268555130607,1.2449579067213146,0
83,0.5152135299137218,-3.813874924862259,1.5100287263975767,1.223074049611853,0
84,0.41309832477626757,-3.897706998147658,1.4963036386908755,1.2111265876104227,0
85,0.38373628763800505,-3.956610230146434,1.4993285165119303,1.3604446387742113,0
86,0.4400027360544942,-4.026517392934265,1.486473035013772,1.2630680488708308,0
87,0.32287905493944474,-3.9268030916431447,1.4723724589320242,1.251842186355713,0
88,0.4305678596338865,-4.050489934214726,1.4832085483139246,1.2674127487602356,0
89,0.3779331890860136,-3.7824436611460044,1.4633790090512009,1.2242769803450033,0
90,0.2978246729460667,-3.6177046623471454,1.4315296263585024,1.1590178373611195,0
91,0.3007337342488693,-3.8974180280539077,1.455929229703006,1.2667504760334416,0
92,0.21686383720525015,-3.6852834886576415,1.4614899649294597,1.2348707603341338,0
93,0.19275831504129753,-3.8980927962649905,1.4194880713136047,1.2796916960714964,0
94,0.16576841863255748,-3.9892413232402832,1.4795162596688307,1.2424610068629645,0
95,0.14769596804138405,-3.6411052424723467,1.4619073553700286,1.2659574716944115,0
96,0.12492407056777721,-3.4839352067021014,1.4263239793293538,1.2916593968546926,0
97,0.06199607340622326,-3.556830728798289,1.3891204473026733,1.1879669837940314,0
98,0.058370267793098785,-3.5785648588402057,1.376538304551266,1.2461115036663872,0
99,-0.027880576213033467,-3.5438741806103575,1.3859507067552321,1.2600286584892024,0
100,0.09442295168993003,-3.327389477802389,1.3222153494351778,1.2994697517514513,0
101,-0.09312645830707661,-3.1710898353574155,1.3297011923774065,1.264479376077095,0
102,-0.033359568582973606,-3.2241226693361904,1.2855601021786196,1.1910456134417209,0
103,-0.010539283222873536,-3.1784817347701915,1.3344485169838114,1.333736880464953,0
104,-0.11926201070148669,-3.016054336723549,1.3637593419988219,1.3316732411518102,0
105,-0.1967538618445587,-2.921787454425445,1.2697629044439633,1.2304637385102757,0
106,-0.18190487091112903,-2.9437686441129505,1.2429973368070353,1.2797352649460654,0
107,-0.18579682500000183,-2.670738718372416,1.2693043514962965,1.2199371415459372,0
108,-0.2515757018154747,-2.926146588800531,1.240851452182394,1.288969069493374,0
109,-0.290765686801892,-2.64950534041212,1.2409029714782724,1.2947000106347786,0
110,-0.34996758308578957,-2.5880216190178955,1.2580884910555288,1.2577276643677433,0
111,-0.3414817902820368,-2.7275391297255074,1.2171112653617888,1.3557105490958283,0
112,-0.3811261141605509,-2.48965034378207,1.1639815779739662,1.3384174524797734,0
113,-0.3445783477845314,-2.264560920973717,1.2097410376887576,1.3247115223442865,0
114,-0.4005936230406768,-2.4791469696588404,1.1765730366298044,1.3316532301844726,0
115,-0.4366526913246834,-2.2963968996904263,1.1600991497631898,1.3036164834842028,0
116,-0.5022938374509285,-2.517509657098791,1.1494035960671505,1.3772944586864453,0
117,-0.5699183502935079,-2.0733531781198535,1.110822729123593,1.299020377081994,0
118,-0.5538460210293995,-2.238795804259429,1.135678819900911,1.3618307187298508,0
119,-0.583996616184852,-2.048601359144223,1.1187494179671462,1.2156837379991474,0
120,-0.44058768017393435,-2.216277056135854,1.0787220957933734,1.3095306516514138,0
121,-0.5395099132176626,-2.185061330409175,1.0549745509622885,1.3279001446647642,0
122,-0.6475998690614769,-1.9898986605074667,1.033819125471551,1.373589138816714,0
123,-0.7046465794645503,-1.9321335728855777,1.030820923421179,1.3473452283757381,0
124,-0.7206629388848802,-2.1708116991351005,1.0130135517806274,1.2839915442219514,0
125,-0.6977229312415417,-1.9710965576683221,1.0099686672095245,1.37579662719025,0
126,-0.6367632185217155,-1.9317257960447705,1.0472573437026007,1.3580047369134591,0
127,-0.6668070900172781,-1.8758050609172512,1.0262859909572306,1.3437125035682331,0
128,-0.7970086285104075,-2.0733732721116707,0.9407225177631882,1.3127853976908583,0
129,-0.8640097895973452,-2.137058837627271,0.9640155684331051,1.447681117413077,0
130,-0.8425090252627984,-1.980779588962021,0.930071117541644,1.350446642434162,0
131,-0.8649930946998753,-2.023866551001305,0.9639155267040997,1.3424280550263146,0
132,-0.739256287779615,-2.1691533534588334,0.8490659463722269,1.3133374721916167,0
133,-0.7845259417230275,-2.458834504481972,0.8594013173836914,1.3034126310687457,0
134,-0.8159424875200054,-2.256097629406936,0.8609427705775341,1.3716691453379724,0
135,-0.8208733226086838,-2.282432498368702,0.8256372334471878,1.2662980225295533,0
136,-0.9558028910942747,-2.3505701849970206,0.8524840160799917,1.3211538277862171,0
137,-0.9164437924556128,-2.3780240112330087,0.8131651294545558,1.3315844014082283,0
138,-0.983839255689778,-2.426494555657356,0.7953246917016553,1.3385700030097212,0
139,-0.973959993072619,-2.606670966649541,0.8364526922589823,1.3937538645977425,0
140,-0.9572690446617828,-2.5768949978516247,0.7834949294046398,1.411780445977305,0
141,-0.9809506336560214,-2.5138087076295577,0.7547948906682321,1.385777412263857,0
142,-1.023037595107167,-2.7908584021635727,0.7620045367373073,1.404412979425456,0
143,-0.9481100349468425,-3.047286361043494,0.7716387456170499,1.2866084584540538,0
144,-0.9902202361025088,-2.843447627589212,0.6800397226206194,1.376718826491115,0
145,-1.022675505221978,-2.9019648960042908,0.7294143604468193,1.4038998273665007,0
146,-0.9984620030250451,-3.16079624462027,0.7002987149871043,1.3430365940391285,0
147,-1.0247723371208621,-3.2247943755971096,0.6749914283409372,1.4070828271904696,0
148,-0.9519354318387436,-3.2164070259446405,0.6726352506233657,1.394917347017299,0
149,-1.0024985043499761,-3.3695014753331343,0.6731672048861777,1.3751424269683752,0
150,-0.8974965059766735,-3.4857380518325787,0.6765336741904122,1.406616539934402,0
151,-1.0238872926601146,-3.476542628752308,0.6278681796878272,1.4077216635555856,0
152,-0.9050112687506828,-3.6910610980269594,0.631226117785354,1.3371469604180053,0
153,-1.029983859817343,-3.7096278712815036,0.5797360110641199,1.3851814779325309,0
154,-0.9938394810395974,-3.5431002020346747,0.6256259364664309,1.2815409377265226,0
155,-0.9612197425438708,-3.638894121618855,0.5631883990381241,1.4290523339873156,0
156,-1.0613555607819867,-3.8737358046745793,0.5265378677314008,1.387142993849772,0
157,-0.9957185292307175,-3.6197459511874346,0.5806401396834997,1.3005428588086543,0
158,-0.9428572891978519,-3.9265867360733306,0.5812535218334178,1.322501079816674,0
159,-0.959749737660886,-3.8403148935077045,0.5473370668468095,1.3491283171875237,0
160,-0.9560083194627602,-3.900913441033574,0.5016212598074352,1.3158371093134367,0
161,-0.9545568458520085,-3.9345434100219627,0.5497167686026095,1.3508183045695974,0
162,-0.9751488762743139,-4.011287084460425,0.5457540909607361,1.3555306064581256,0
163,-0.9312742741785281,-3.943834612607188,0.4835456778679277,1.2939308291535245,0
164,-0.9339627613997398,-3.982264874378254,0.5214900099445956,1.2792660849606976,0
165,-0.9761811455176019,-3.7706276447331537,0.5190474735616871,1.2626419741097192,0
166,-0.895677171151067,-3.8854450559701386,0.4274908667581472,1.238666830280297,0
167,-0.9228774242747089,-3.9207894350358172,0.48561626742597797,1.2665928667834259,0
168,-0.8133324429942865,-3.8206164536970335,0.4371288830425576,1.309017609604377,0
169,-0.7869333847928038,-3.7878708644115457,0.4319812542832806,1.2757663550506955,0
170,-0.7968251077940726,-3.5923056066937487,0.4381135936850311,1.3069517618372368,0
171,-0.8019996293747995,-3.5123464978645007,0.4351973896231546,1.3552693512763372,0
172,-0.7989840398262117,-3.504182319344288,0.4840416451786773,1.3760581128320186,0
173,-0.6815985432453646,-3.507086944137318,0.4309077535333794,1.2414009082597042,0
174,-0.6691010489811076,-3.595192544399036,0.44543295277531314,1.2394510397562732,0
175,-0.7013980401394905,-3.4494035558544103,0.41253226474559435,1.2233551766282431,0
176,-0.65745128647681,-3.335129741908143,0.45697047437718963,1.3837807114860572,0
177,-0.7325463227962836,-3.288179492376958,0.37097523350902173,1.2644756681192415,0
178,-0.5547618627573654,-3.1848269859687592,0.40881355851469015,1.2586210395577093,0
179,-0.6102767158251012,-2.791619483539615,0.4068402872417737,1.229598077352223,0
180,-0.5626956405458626,-2.91687202175075,0.4088290715908045,1.198930785306482,0
181,-0.6127979573335722,-2.5404940292612745,0.39993873240073297,1.2375672507217739,0
182,-0.47385791765801444,-2.782048680950089,0.3687383732964068,1.2108002778004567,0
183,-0.5241882570124714,-2.5577137637772815,0.4256637689452786,1.2356389608438336,0
184,-0.5834464923245916,-2.386214928768965,0.3653091317237832,1.2570063665640778,0
185,-0.41408422783638116,-2.269118519232638,0.39782604836980207,1.2786358608634865,0
186,-0.4360253678070836,-2.435816068305182,0.38740657703760006,1.2643322626039355,0
187,-0.33829972884648896,-1.998016930879293,0.3835457953811694,1.1969457282291587,0
188,-0.4163961204422195,-1.9759425758853542,0.45508220391007004,1.2010765791858171,0
189,-0.32569291941078926,-1.7035720516855182,0.46164559336956135,1.2323139265046046,0
190,-0.27098288168268636,-1.7102864742157635,0.418403497130164,1.2072298677423035,0
191,-0.19819972446348116,-1.6679929134239373,0.4051385035204488,1.1763060436574388,0
192,-0.23014811823642245,-1.2697114931554487,0.4351293127464527,1.23557234788256,0
193,-0.21196359743238524,-1.1752658168360177,0.3687429173131608,1.2312207011689378,0
194,-0.15451757613904044,-1.2892463991498047,0.4115488781276029,1.1488215940256437,0
195,-0.10090740871324294,-1.2238014221137568,0.34499821733459723,1.2112468649218053,0
196,-0.11173396628380687,-0.9275376967224622,0.40484347885208627,1.1416316938038296,0
197,-0.12079919358099064,-0.7428245958005311,0.3877869477138365,1.2713867246496002,0
198,-0.051123720692761304,-0.8852595351601158,0.43923882413499515,1.2057668116721403,0
199,-0.025407788613465206,-0.7277987778777233,0.4010150767446369,1.1779032966593799,0
200,0.026260068663273815,-0.591075938166771,0.3979857398733003,1.2772746485704147,0
201,0.13236141378335214,-0.5352957847675697,0.3925624745981322,1.2201884425742375,0
202,0.03175363925682464,-0.3477925976744569,0.45108781672548603,1.187793851781245,0
203,0.0774512622562342,-0.34438482653539326,0.45654224498444895,1.2356372021094557,0
204,0.14723146072743779,-0.4786062024130666,0.49687724323499916,1.1703268460999297,0
205,0.22072793723646866,-0.43933983871801363,0.4459653971729963,1.1557727808704716,0
206,0.1644357675151607,-0.4151455229369496,0.4901580742688544,1.1573293218463345,0
207,0.23204745686836847,-0.22102965283017095,0.5166729342104683,1.2149997381240436,0
208,0.20765097396919735,-0.020060509244148816,0.5616508006818444,1.2159158268560961,0
209,0.2591535041141441,-0.08835393780760414,0.4848683492671997,1.3236972515239627,0
210,0.32976016814619913,0.060882319414966135,0.4887878499686509,1.1896599087049715,0
211,0.3141165914075952,0.06855511538009851,0.4329709638781312,1.1967445737132405,0
212,0.3525816148719646,-0.07589855116913036,0.4788374933528425,1.278103131726941,0
213,0.47230256032889395,-0.41592920735975825,0.5508396774293278,1.253864126849836,0
214,0.5182194453825301,-0.1996020276679067,0.5000675032693733,1.2175557567160993,0
215,0.4567009917220888,-0.04182728524085433,0.5728120166777789,1.2012712074944787,0
216,0.49943561882500814,-0.11170112018850431,0.5083182858599729,1.2531820890243348,0
217,0.524114959903308,-0.287352037144172,0.6007116341710286,1.3075017898833736,0
218,0.4891191696275404,-0.2160431870124735,0.6221407277111346,1.266469541731805,0
219,0.5606014843979574,-0.16918129813824057,0.6000167700691423,1.2809541902901314,0
220,0.552419412530796,0.06318231685245856,0.5959666227701883,1.350398200656592,0
221,0.6071130564097311,-0.48594616739644403,0.6350916461655731,1.2713342097114142,0
222,0.7149410702523974,-0.2915317845463745,0.5646816023324317,1.2506861913515275,0
223,0.6829541108718659,-0.6827303460333536,0.6312622467956848,1.2807313043307902,0
224,0.6507382244489108,-0.5332445338381377,0.6731143605363162,1.3423257298523663,0
225,0.7701576463581136,-0.6143479578873143,0.6398878509203261,1.3533855288177923,0
226,0.7456852801814464,-0.6701867068511651,0.6484261642703892,1.3095157114304983,0
227,0.7481055448198398,-0.7772169198320968,0.6883119838600751,1.3105687871127383,0
228,0.7942956251133605,-0.9246340056368512,0.6599887491292312,1.3760925730513682,0
229,0.8379854169034519,-0.8556149806200384,0.6990226662872845,1.4041402299015802,0
230,0.8488587199223501,-1.06146220226486,0.7242646816710145,1.380907948749572,0
231,0.8136742226202496,-0.9104800633962169,0.7422059161496799,1.4146342366867857,0
232,0.8260734370316247,-0.8353457525430648,0.7181261691817853,1.3855966634268175,0
233,0.8352438399264652,-1.2323214380772365,0.7455971049600725,1.334528180324837,0
234,0.8274113269589322,-1.5322435117399735,0.7476574662418007,1.337550553918722,0
235,0.9709704350564872,-1.3089007654093296,0.7267113975064465,1.40893642862558,0
236,0.9001824349868465,-1.2468781852089348,0.8017750971944021,1.4035978693715079,0
237,0.9409031728603897,-1.3936858776951329,0.8073473929022593,1.2976611672751515,0
238,0.934129740338936,-1.7476721393448755,0.8089762225451611,1.3745684399379603,0
239,0.9057617587838653,-1.7493244215931132,0.8131319892301806,1.3272794268906525,0
240,0.9172306298292382,-1.8833010005869788,0.8384945185805469,1.3175104155704127,0
241,0.9443196851275604,-1.6589370677916286,0.8439825704143051,1.394446189216753,0
242,0.9259931785455162,-1.6619083691589556,0.8818023701601927,1.4704678392766406,0
243,0.9700895968837808,-1.7271541724675723,0.9239165615648042,1.4170090812570217,0
244,1.0811384576989682,-1.7606290075183773,0.9006033001514395,1.3699737439159472,0
245,0.9567261291449165,-1.8899855759932787,0.9272690237615845,1.4808899505804725,0
246,0.9514388891564278,-1.8336371371822553,0.9305490962062585,1.3375580851558826,0
247,1.067295812306122,-2.0752535324214736,0.9441842795771983,1.3501255369617198,0
248,1.0041415023203757,-2.006268093233727,0.9933109081126378,1.4967038813065692,0
249,1.0421613025127634,-2.081091600123097,0.9999724741263835,1.392898626258706,0
250,0.9757563036314805,-1.968835229994062,1.0156688876129112,1.4114314787601454,0
251,1.0760752391193447,-1.802074777237862,0.9915223077363778,1.3565148295374407,0
252,1.0040248067118547,-1.908629212853464,1.0214291376118863,1.4464004581225693,0
253,0.9534455521592794,-2.0455134080634925,0.9984732009041335,1.3631694982697895,0
254,1.0467234568465016,-1.8605724012793647,1.0334532495654116,1.3733253173591873,0
255,0.9796798259427487,-2.050612700254017,1.0599046228184301,1.3973698224150157,0
256,1.0018768960721904,-1.792067337503171,1.1161868227466805,1.3425964612499544,0
257,0.9857795876036077,-1.9619984393531664,1.1227094944298535,1.4512468685768252,0
258,0.980108166001028,-1.937173381795107,1.1508277335322576,1.4264973101369849,0
259,0.9840627620328506,-1.6292544139112952,1.1286456101309166,1.4718250414341183,0
260,0.8655353371669292,-1.5836163125606175,1.129602277125893,1.470293676965142,0
261,0.9079261046670363,-1.6424763958772162,1.1519760108205543,1.4131287667081531,0
262,0.8675835361975697,-1.6372817895979135,1.1757441309068795,1.3555780844054328,0
263,0.9019176939001393,-1.390535307875142,1.133551194059724,1.4148980828292537,0
264,0.9683373993530741,-1.4556376002831473,1.268769306506737,1.4448656324764146,0
265,0.8733353112876652,-1.304580220866323,1.2308447298840504,1.3478835470286628,0
266,0.8901127142083562,-1.5436096783402358,1.2724467498473055,1.392916664881794,0
267,0.8956517075246782,-1.162300599749428,1.2200791267521227,1.4164797276631544,0
268,0.8677752629561593,-1.0414014548867339,1.2345550196006205,1.4262878633771456,0
269,0.8457637254086043,-0.8990732249093606,1.2851141882181727,1.3661395452286609,0
270,0.86552844832017,-0.8793549760610782,1.2476907584152945,1.3206364437430727,0
271,0.675344219189573,-1.0123243988036612,1.3081930958924792,1.3179451968578444,0
272,0.8144514187126507,-0.8238534164385458,1.2834621577051029,1.241966534786615,0
273,0.6827683748340475,-0.7452954552028006,1.3554112117497876,1.323882009884353,0
274,0.7399999048403615,-0.6650257055380433,1.3426518699598784,1.3613270221743365,0
275,0.7431657650219698,-0.7254427980077442,1.3217550323254343,1.356497471368039,0
276,0.7005585524395213,-0.5726775197835066,1.4191253070546264,1.2347361042294993,0
277,0.6884790448289466,-0.542578540766004,1.3913032425557306,1.3398594147869298,0
278,0.6187399664627717,-0.6324708183077807,1.36076720433203,1.2577975095129357,0
279,0.6173259562930439,-0.20947968878581635,1.408989352317658,1.3257809312073965,0
280,0.5000533878070084,-0.25966356688249426,1.4207690690761408,1.2735889014939568,0
281,0.55185253670216,-0.34466417255051307,1.4245161529308292,1.2235869725944886,0
282,0.5572193795874746,-0.15984489833879967,1.437476279699603,1.2909218329536072,0
283,0.4659106450265351,-0.21641483683888962,1.479154635128765,1.2939194509415246,0
284,0.49854642579391373,-0.12575311246241205,1.455520765494977,1.2550584302319083,0
285,0.4069513537378744,-0.05555350803296344,1.4937347579534932,1.1952634994247617,0
286,0.4402746101034418,0.04984362339574666,1.5143672044405263,1.2280170147847103,0
287,0.4780591088875271,-0.10415671958448147,1.4714022829570155,1.2545464233314274,0
288,0.38650171403787453,-0.10167267534431823,1.476450638745829,1.1734155910447122,0
289,0.3416131185436065,0.018505206364320737,1.4934132386083014,1.2613554402142881,0
290,0.2436672462925825,-0.2716503612548522,1.4793543429105518,1.1824760605704476,0
291,0.26631396420329023,-0.04627526260142556,1.5524236082353944,1.149063580192978,0
292,0.18830352606627057,-0.20965444644584785,1.5237867862189303,1.1292838794929814,0
293,0.12836722856914815,-0.004859204053740296,1.5289046340772607,1.2270231675388097,0
294,0.1572515897163112,-0.02472442320769419,1.5291443389569124,1.1068691281190146,0
295,0.21335418410211787,-0.23177516669409948,1.5424438192634176,1.2072825848288924,0
296,0.09822900133396739,-0.2065601883630921,1.542651028482756,1.1082078453154196,0
297,0.07371296961217479,-0.389596415542093,1.5617952483597701,1.1635194292055828,0
298,0.024574372264734665,-0.49100184775078337,1.5989643153277888,1.1540242184708185,0
299,0.040382723313116944,-0.5185562126013727,1.558729829638793,1.1018947435822273,0
300,-0.07658139500066115,-0.6199488708720016,1.5957779712978302,1.1933465555722629,0
301,-0.028678889262834323,-0.566687588829212,1.5851753048364254,1.157810142196048,0
302,-0.03762429712617888,-1.0038517273549636,1.5925870305389807,1.1808141996542152,0
303,-0.13364959618550687,-0.7849759338483644,1.5937454107375295,1.12223987860182,0
304,-0.17285163446082935,-1.0454432249251193,1.5607517911535522,1.0996694096026838,0
305,-0.18037705998341977,-1.0256422325527077,1.5898911768853539,1.0518910132228385,0
306,-0.14561654322100645,-1.2472301788380082,1.5878859593210881,1.132449960998535,0
307,-0.13166171263633467,-1.3881948699996567,1.6333265137178672,1.0820159850597013,0
308,-0.254580132321149,-1.4702372104997692,1.5923239443545683,1.153328608940027,0
309,-0.26842029703081394,-1.8512193125529985,1.6115917002509175,1.1546158254193557,0
310,-0.3202697972314522,-1.8457657548854203,1.6173983941967294,1.274015194017402,0
311,-0.3577237971759106,-1.826213604584687,1.6403372125871307,1.1453746919006,0
312,-0.31171502191848616,-1.8270983872717002,1.6454717702159392,1.1840776561583068,0
313,-0.4459016901538787,-2.099061224509894,1.597915733947674,1.0965021567009958,0
314,-0.41160018937244436,-2.1593966185028335,1.5791508514473578,1.1476694018103748,0
315,-0.460199282832559,-2.2551487668847523,1.559083062162246,1.1505032297506583,0
316,-0.5649946172834975,-2.4411498364788327,1.6289703117504506,1.1502531317683888,0
317,-0.4608409647138503,-2.5361180561500665,1.5684203302606108,1.0795320793081968,0
318,-0.5057746246519198,-2.7204461304302576,1.58777792678741,1.171111143525989,0
319,-0.5891351789968428,-2.8202860668403886,1.5857163499745401,1.1120579026500736,0
320,-0.5954172691496596,-2.888552138193983,1.5884490819682928,1.1968526777586357,0
321,-0.5997890084465971,-3.020832869031671,1.5461012620535706,1.146260240335578,0
322,-0.573897473840328,-3.1242855213032943,1.5771962704292317,1.2241638087277478,0
323,-0.7028931598471316,-3.0553780129831267,1.5471951968834738,1.221184561910501,0
324,-0.5921008495436579,-3.3618265295083445,1.6020173891101046,1.1818631808070015,0
325,-0.7364390952538412,-3.456556996795142,1.5462440376498894,1.2520052681836473,0
326,-0.7405111380110795,-3.602937875554903,1.5515949026362719,1.2103837653627274,0
327,-0.7586471852974457,-3.3785886651449797,1.5436693864815887,1.278152654957469,0
328,-0.6745431703114666,-3.770971468045494,1.5793381057083178,1.185469675657124,0
329,-0.7537074984306427,-3.833146732781578,1.5582588751947886,1.277037347416091,0
330,-0.7434662519620272,-3.647968412668111,1.4833316831222028,1.2747689214382116,0
331,-0.8343852920996261,-3.8432564654316517,1.499049381128685,1.3275893983783216,0
332,-0.8496796994114747,-3.608954065418361,1.4905864089322578,1.3175022069079414,0
333,-0.8201196259649473,-3.8794053802943,1.549549518022526,1.2331792979114402,0
334,-0.8977084788997987,-4.068911797688336,1.535742990871404,1.3284185169795284,0
335,-0.7900674747803018,-3.9565660094547495,1.5438948199087732,1.3121744827768034,0
336,-0.8250268460908445,-3.8006621375141307,1.4912733808437837,1.2662322153421506,0
337,-0.8931418499155968,-3.9013877864166924,1.5086389521282688,1.3333655506060986,0
338,-0.9410635934819577,-3.9855025616138002,1.5331119776783837,1.3454079208729048,0
339,-0.9829550268492688,-3.852146091197292,1.409379557651896,1.3819057733711442,0
340,-0.9239675759028799,-3.853032048770237,1.4847263023975077,1.3851013625162332,0
341,-0.9707163117746663,-3.738319433569086,1.4402100288099104,1.2952611994198784,0
342,-0.926602247357489,-3.80011196988377,1.4691794738878405,1.4005851926824677,0
343,-0.9224531164739604,-3.5714504142779555,1.4834114167603336,1.294792737213411,0
344,-0.9883509244334155,-3.8561803425123884,1.4138568890833523,1.400367862768201,0
345,-0.9849965157335467,-3.718715177052621,1.4016644854162281,1.3802649431540266,0
346,-0.9846205003212403,-3.469868410863223,1.3817468044571384,1.3969588140245497,0
347,-1.064366024980872,-3.5297685214690286,1.4114265086918658,1.4776558915338769,0
348,-0.969420988789241,-3.5129740675268026,1.3607314122430878,1.4109356932948383,0
349,-1.003843822071551,-3.5925437121345882,1.3771243934335036,1.4451293777333563,0
350,-0.9744359575774475,-3.508266790032799,1.3278255973245052,1.5641662325350063,0
351,-1.0508111823565836,-3.4476783826525432,1.3123332733234152,1.4052563830512979,0
352,-0.9160687575936238,-3.195977513453519,1.315748771700036,1.3864600932107043,0
353,-1.0617073083436261,-3.1440748919853383,1.2997174787304597,1.4398984678268758,0
354,-1.0009882784154476,-3.0105532573942813,1.2921218592878212,1.431461154877969,0
355,-0.9779925484221023,-2.9209677801929237,1.3039051626123879,1.430402230886339,0
356,-1.1164131231888805,-2.972173409693876,1.265652988339909,1.6302518170770766,0
357,-0.948756057387693,-2.7781893064052836,1.2891979231173454,1.5220896324280635,0
358,-0.8723863197244398,-2.8937583493480266,1.2502435635290172,1.486661536061415,0
359,-1.0139587671185344,-2.590944614222295,1.238168685160122,1.5183314693204861,0
360,-0.9812736208294569,-2.5047369568041167,1.3170718265557724,1.4938445419300304,0
361,-0.8855615800298605,-2.3577320220805555,1.1889040998534013,1.4852385978239242,0
362,-0.9532710045974526,-2.5374126913721877,1.2039040168903625,1.430068895929248,0
363,-0.9145467487682022,-2.481369243475925,1.1847578780931647,1.5182229125998774,0
364,-0.8833588288725992,-2.399068957736222,1.1292620208197628,1.4682698315246148,0
365,-0.8977751592418642,-2.164318198858839,1.1136389465289358,1.539386186313713,0
366,-0.8950539271480498,-2.2369710000936527,1.1340613263177801,1.484409062813603,0
367,-0.7933553201773834,-2.2182830782100873,1.1225340270781092,1.3597481084619782,0
368,-0.7541193510096988,-2.200734349299175,1.1483386311990722,1.4972991048359168,0
369,-0.7918376378555477,-2.0874663034654373,1.0429390910193341,1.4487820893789851,0
370,-0.9075278443274238,-2.1152379139510247,1.0741292017202066,1.5005473425277385,0
371,-0.806256345892425,-2.1232915553463663,1.0640078018076018,1.5145760580009953,0
372,-0.846392226814479,-1.9840865964823597,1.0580903679838625,1.4122686245751024,0
373,-0.7825538288017679,-2.049665859804403,1.0420696695139497,1.4152099392694555,0
374,-0.830227413785579,-1.912763710303276,1.0100461539950416,1.441741302964836,0
375,-0.6082108145680543,-1.9025108090313139,1.0045051899698179,1.462481673353473,0
376,-0.7240758757580044,-2.199591939089548,0.9993657880935094,1.4268224720570721,0
377,-0.4989771409671595,-1.8935707703861806,0.9327088660502267,1.4442692929533383,0
378,-0.6595190957439365,-1.9210922123490826,0.9480331138533766,1.4296471480176622,0
379,-0.6723362716101542,-1.8752795762185521,0.8806296441196002,1.3877481766822997,0
380,-0.5887221240112123,-1.898728112480063,0.9433886989119692,1.4134040988825884,0
381,-0.5886452677475591,-2.0911582930687764,0.9443621777634073,1.3536744127047389,0
382,-0.5317367434954702,-2.1853431062154924,0.8077562815715106,1.3403442843981281,0
383,-0.5011949061560902,-2.260688330813839,0.818953829775536,1.3073245724118978,0
384,-0.573557485629274,-2.1551395411392806,0.8004414518474515,1.3310310251001685,0
385,-0.441305179618679,-2.3171748759369333,0.8809155005280673,1.2923493744320516,0
386,-0.39604912112875945,-2.2438288695636808,0.8766026215206334,1.3444576516364646,0
387,-0.3937089343215848,-2.6137748498018376,0.8108010111533581,1.3405778182292996,0
388,-0.41457484388170596,-2.3373878820485254,0.7421957325208505,1.3528374091656963,0
389,-0.29466545965584445,-2.3139368381210756,0.7998964257218195,1.34170801706402,0
390,-0.33273251039912394,-2.6720130350940012,0.7905159174329748,1.2275272362879657,0
391,-0.28003976292200317,-2.688980749097988,0.7930039641600981,1.2609224661507694,0
392,-0.22880467944946223,-2.804645957851695,0.7722134424400213,1.2572602024498727,0
393,-0.231171596924654,-2.9729593501461014,0.722468868170679,1.276555725386791,0
394,-0.17748560858796458,-2.7265733911503043,0.7077862405973256,1.2360474464114843,0
395,-0.15644380249158307,-2.9420041427426744,0.7034942821014116,1.1477058155583708,0
396,-0.045213762259655524,-3.0486914703934245,0.6915296980135712,1.2010769465397981,0
397,-0.10078910741204242,-3.2758911628190086,0.7059739080518201,1.2193426732226067,0
398,-0.07041217964560388,-3.1803648819876407,0.641297755679274,1.2574822489053288,0
399,-0.05903654637210187,-3.4003061845514244,0.6654445302997887,1.1770899075733876,0
400,-0.00013677050836908428,-3.5239482525898342,0.6325008560765899,1.1580068299003277,0
401,-0.00019531159541574805,-3.546004018715104,0.6797096788942377,1.2001690751759986,0
402,-0.013070772056051783,-3.5192279277392196,0.5786691858040933,1.1030618440294593,0
403,0.05658483589719761,-3.33869652228583,0.6552397738755587,1.1703721144814345,0
404,0.09845488647467354,-3.6009387162676623,0.5365239525508276,1.1282934118138195,0
405,0.18418125186088177,-3.6170462815468616,0.5966562084714964,1.143162930508461,0
406,0.29541188802454266,-3.911345588866252,0.5590707450575345,1.0884895865723063,0
407,0.2208542826423646,-3.5013342027224983,0.5533178012251482,1.079003364269946,0
408,0.2014839841508981,-4.270431860996583,0.5944388344518174,1.189147785366237,0
409,0.36309527533987246,-3.935903577184274,0.5008856159553251,1.1637748337115796,0
410,0.25015704218971907,-3.834033236008288,0.6045950659810548,1.0404997137964815,0
411,0.34772968572533053,-4.024118963657709,0.48902126985356004,1.056557896503017,0
412,0.34705817647276255,-3.9397283584318963,0.4422684612631796,1.0661579654089737,0
413,0.36608537228314275,-4.09575871523629,0.49746567265012803,1.0318094657871855,0
414,0.4177307922361691,-4.025525390850541,0.44668250636148965,1.0937637984856983,0
415,0.44447070811766837,-4.024254481868998,0.5041761650772639,1.1448131145128917,0
416,0.5057067528105531,-3.724345234311401,0.46078135657778174,1.214877615865745,0
417,0.5052990225511891,-3.906599854458346,0.5164959954350321,1.10030173009443,0
418,0.5358161506257438,-3.8824276250635523,0.43689003297734585,1.0729941045028504,0
419,0.5306886760030974,-3.785304859202369,0.41683919229582134,1.0725754076835115,0
420,0.545795855953576,-3.7056698233062355,0.4344899141934856,1.086554089926279,0
421,0.625749883331922,-3.8091551657307368,0.5242614046859618,1.114056906023442,0
422,0.5847050729272211,-3.228155205913184,0.4147298479798901,1.1601083313650231,0
423,0.656504472849928,-3.719064107701386,0.4493395673274656,1.1584213365248976,0
424,0.7384073348440781,-3.3041948588855368,0.4291188373578839,1.0928636926042379,0
425,0.7467886294524144,-3.441269838798627,0.42810434629382554,1.1069601300895062,0
426,0.7787813344259569,-3.3139860072872196,0.40556986791539706,1.0579787335776132,0
427,0.8596387031533985,-3.0904351963142878,0.42367660984527566,1.119805141965423,0
428,0.7465393663387737,-2.978404307081495,0.3711880819767952,1.179276359713298,0
429,0.8228521384516838,-2.950908234064155,0.37176001435921846,1.1459033753985959,0
430,0.7793726541170786,-2.6874292112885807,0.4039661941974111,1.1548049257089203,0
431,0.7351440229360419,-2.8027350324109355,0.40141915764425085,1.1713899040793136,0
432,0.8385973474353068,-2.6877080801907685,0.3976950997638494,1.169487209203544,0
433,0.823391926632454,-2.585771990507759,0.389274188260749,1.1458147756790793,0
434,0.8481654462983061,-2.366536988116622,0.3960985025723197,1.1936606500871232,0
435,0.8829511645492216,-2.519252697955502,0.400121589033659,1.214645514556289,0
436,0.9243629496756216,-1.946782322007293,0.3756920773788974,1.2331558990751887,0
437,0.9166071963478578,-2.212007919751343,0.4345581764324723,1.1936672561353339,0
438,0.9672834427859645,-1.867746261564674,0.41455341455625394,1.29770667732416,0
439,0.9325756450312321,-1.7803233949290436,0.46019326319222986,1.214466731440496,0
440,1.0203860222106704,-1.684178373744115,0.4073969245683645,1.2712854063975578,0
441,0.880931789171712,-1.6102602306108298,0.3341660109084885,1.1664528968927093,0
442,1.034191307838411,-1.359911092565175,0.44652164948794104,1.289838786257001,0
443,0.9784498148859718,-1.28845425956493,0.4187699843785455,1.2834001312436012,0
444,1.0981344050436623,-1.1609954015093575,0.41223149821913807,1.31724645774278,0
445,1.016380606794332,-1.0738323266283074,0.4096273882419117,1.2891889102208336,0
446,1.0999964797053252,-0.9224930759644472,0.39109698019251815,1.3613296561580466,0
447,1.0442236074331703,-0.7509151109360943,0.38646980458415714,1.3368001782514907,0
448,0.9725997809467635,-0.8755040486995804,0.4123111253130215,1.3728788161388252,0
449,1.034098126360561,-0.5746425490362916,0.46663238563165277,1.3949651381218677,0
450,1.0190619508781316,-0.5609045127034453,0.369290373540374,1.3650350422699316,0
451,0.9471773018262579,-0.6532006411764681,0.4604206306949761,1.3687852374807272,0
452,0.9634845410536811,-0.3368586806717877,0.4908902976828927,1.350671431517591,0
453,1.0049913750361608,-0.4418059110928465,0.483697428417859,1.4579276125447804,0
454,1.0184204875250917,-0.43442595300975473,0.42600183359807653,1.4360705788034702,0
455,1.0009921131753554,-0.19760435013684674,0.4891375767751368,1.4756450570862414,0
456,0.9136548583032928,-0.018462538575769516,0.439271983129613,1.5144525733331988,0
457,1.0176788786323225,-0.0709322406073809,0.4735849685967637,1.4281905599448623,0
458,0.9155000380479854,0.01702038097500358,0.4477782049614657,1.47297359435699,0
459,1.035941577192973,-0.14565790731809747,0.4681676145947463,1.4459702734876574,0
460,0.9712446758496678,-0.24692177105010416,0.4926981452401219,1.4417347287928208,0
461,0.9376966904233319,-0.3382235668558766,0.5005538891399646,1.4841820720673593,0
462,0.9264847287544992,0.055437039994337134,0.565436385668339,1.4999094462368618,0
463,0.8820988269648504,-0.0977739731905305,0.5224145778365519,1.5266492445117068,0
464,0.8788714104212677,-0.3235704020174386,0.47985376575689864,1.495632532464619,0
465,0.8013297582904267,-0.26046948611091403,0.5318581537990559,1.5523669339414172,0
466,0.7843010540400227,-0.11149590480420635,0.5178870238731497,1.4553949276251374,0
467,0.8268995879704847,0.018077615778655964,0.5943023752964267,1.523596887846233,0
468,0.948860588370782,-0.12310644832796758,0.5548938051390826,1.457459698938073,0
469,0.8165623394494512,-0.369014660391664,0.5533577757506016,1.4794980251661505,0
470,0.8117048795607338,-0.24997788030389634,0.579861243530001,1.5599799275747126,0
471,0.7706478486419452,-0.5844884103599424,0.6981431690119311,1.4957727429774161,0
472,0.8290639259374623,-0.6125272358700999,0.6072294962165428,1.5724805501803205,0
473,0.740075218513022,-0.42882733086346736,0.6042623529165201,1.6314920413807785,0
474,0.6684783153207207,-0.489118824398902,0.6266183619309618,1.5758342006347725,0
475,0.7066434172932998,-0.7092531500305879,0.705187815026924,1.572767379752988,0
476,0.6328723520007391,-0.7301347252608659,0.6357275703669005,1.5359049288020976,0
477,0.6820305644285953,-0.6109298724364638,0.7094496002263796,1.5007964783772825,0
478,0.6059814002681525,-0.8919505385109117,0.708524394076673,1.565034642889697,0
479,0.6527641916950123,-0.7437186182729649,0.6882079218063069,1.4761082244756414,0
480,0.5082520701494964,-0.9522118919018614,0.6892810641389749,1.4986116338887092,0
481,0.6196416766189601,-1.1706596470150639,0.6772754346233939,1.517850984590896,0
482,0.5798778595926393,-1.2408090121429283,0.6939119945393444,1.472350415517659,0
483,0.4975776706252423,-1.0836129369700187,0.8086912630911441,1.5041758255273634,0
484,0.4800713139155034,-1.4648154550842958,0.8089598735091503,1.4064555540972934,0
485,0.4827154543475326,-1.582238125677163,0.7863617888849916,1.4916159145121042,0
486,0.45916409318214296,-1.3166424936488286,0.7835611204373125,1.4979119697930747,0
487,0.3541890633013976,-1.6296185661888196,0.8268743512034834,1.4397162157045589,0
488,0.34183055854689687,-1.602960200187534,0.8383611746731086,1.4542009969658953,0
489,0.26685780281783616,-1.6038223045537323,0.8409153120006176,1.4765155627727389,0
490,0.36356142078312703,-1.7176331257559019,0.8848067613834604,1.4083970688254708,0
491,0.2863472881937453,-1.8436492466197374,0.8455103527754203,1.425578946595425,0
492,0.22793880038756031,-1.703532653020974,0.9041628220815895,1.422368297868033,0
493,0.28565585298841334,-1.9567422580667557,0.8595978060364783,1.346705699954804,0
494,0.1495859342744198,-1.7241888353473414,0.9663342014147289,1.3460386481797546,0
495,0.22716190004721193,-1.8810023793264348,0.9205840048967651,1.3606896475094943,0
496,0.09082226898737225,-1.908950400610578,0.9571883094599843,1.308045681089319,0
497,0.10097225150847444,-1.6991971865258386,0.9816282777998202,1.3594105500850686,0
498,-0.023759073387894007,-1.7591630307868875,1.026306283206147,1.3098465455547172,0
499,0.016096995754796548,-1.9322194643882538,0.9861720983588116,1.3210983858633043,0
500,0.044189643823067996,-2.0267063528858054,1.0530673024725568,1.2932995616899545,0
501,-0.01985003900814196,-1.925650988371711,1.0350674286699935,1.230925150318921,0
502,-0.08328137979510396,-1.9651575624284598,0.9992016252806202,1.2738961535071556,0
503,-0.10728606513172206,-1.9095142159213692,1.0352477712226267,1.1068065815220005,0
504,-0.15563725817420168,-1.9750359015898342,1.0864918287559313,1.1574831055129908,0
505,-0.2522107509635725,-1.8193007209241066,1.0827069618772227,1.2666393110288405,0
506,-0.2642622822292465,-1.9323120097930102,1.0968387448904846,1.1895627882524669,0
507,-0.33038253610038115,-1.7049529948326938,1.0818419437885147,1.4067817109712522,0
508,-0.279732559073955,-1.8411312184769086,1.1363526195375644,1.2223264085930112,0
509,-0.25143164340595653,-1.7716579154666237,1.1375149938690512,1.1927533966830886,0
510,-0.2592225107990285,-1.782942641241556,1.177045995980034,1.1650366801469232,0
511,-0.37909594466236873,-1.6912635633754918,1.1605856846523954,1.0944795162468188,0
512,-0.4417713363038607,-1.6531400717288656,1.1767302670933388,1.15954906461735,0
513,-0.3712237909424244,-1.687114021309766,1.2141389226630173,1.0910402754797701,0
514,-0.3689107923919986,-1.440459721451652,1.1915508435699613,1.1018074902695671,0
515,-0.4150082226648947,-1.3623791749302887,1.2480505778133928,1.0259337702128253,0
516,-0.5472859285451008,-1.241223491341061,1.2446261913161016,1.1770428876817116,0
517,-0.5655886327483131,-1.189601865103187,1.226641842839638,1.0140286140093457,0
518,-0.5378916159626431,-1.4353350803836866,1.3135803490547038,1.0540164972285573,0
519,-0.5855345240600656,-0.7884313681573678,1.1943918010235899,1.065170713354883,0
520,-0.5959062531751191,-0.9866967534816027,1.342989184126814,1.0415755397346476,0
521,-0.6476902152653683,-0.9946168693586079,1.3552605952875396,1.0472537597125113,0
522,-0.628377897041329,-0.6625477190438056,1.2945217220596659,1.1575444370194767,0
523,-0.6205893046581961,-0.7483662845420014,1.3149377911263112,1.0876808685946933,0
524,-0.768824182707213,-0.8424414055092504,1.354954949453277,1.0335533627781803,0
525,-0.6444971898626973,-0.5028562211649203,1.3648027825139286,1.0393420135240938,0
526,-0.6759068709153895,-0.5457234608852681,1.3767215048328774,1.0899603795367518,0
527,-0.7015967068662518,-0.5181101311910947,1.4031380106281335,1.0566331892822414,0
528,-0.7512672856773807,-0.4622194349046387,1.3811410138169518,0.9821430968058851,0
529,-0.7392739792344857,-0.3309382829112504,1.4114697600263333,0.953949053340784,0
530,-0.8420567687985877,-0.41352506745564055,1.4332262624495453,1.0448281817381593,0
531,-0.7462638823402352,-0.38936490218559583,1.4402670986654882,1.0618047282705017,0
532,-0.8269460868425166,0.03815601507995936,1.4335924858472544,1.0475252099133732,0
533,-0.9622494136071268,-0.19039762586389908,1.4777657173573293,1.1578248465631722,0
534,-0.8700594967214801,-0.19052233633841542,1.4265879487475261,1.0510944145925643,0
535,-0.9021295815738903,0.010745974932031332,1.4267682625659146,1.0347908741182203,0
536,-0.8918010594444755,-0.02646348601098958,1.4783494822526353,1.1243936639934933,0
537,-0.8811640965948252,-0.15876437863743598,1.480307422023968,1.1508331652878212,0
538,-0.9662695504192409,-0.31217681652178086,1.463292524808982,1.035999621701263,0
539,-0.9861606796751067,-0.20261691459020348,1.49119572201303,1.0636552894721345,0
540,-0.964379445901223,-0.1362063760200496,1.5635812605968127,1.1203946074044433,0
541,-0.8859105110931423,0.011359131888021512,1.4690957354138718,1.052698099048795,0
542,-1.0324461610187003,-0.40501941913288153,1.5097241687367475,1.0921209897865607,0
543,-0.9939014582635052,-0.2746603680391637,1.5314989414349962,1.1457058055026057,0
544,-0.9589613899533347,-0.19019453022568267,1.5558212527979944,1.1626757557243992,0
545,-0.9214794206396797,-0.35206626475639125,1.5611869692658886,1.1051320863179426,0
546,-0.9819870792587568,-0.2568485943703187,1.6037196687632722,1.1446589493064705,0
547,-1.0121024467474249,-0.3624840063913266,1.5670088966795235,1.1756753385416232,0
548,-0.9813024235714478,-0.4451535035017131,1.5348894720260127,1.227905733295385,0
549,-1.0222053189354747,-0.3926823870637006,1.5651895122374917,1.1366527886593096,0
550,-0.9847434745399974,-0.7461943667652773,1.5647346468366852,1.2272667331776783,0
551,-1.0308723963327548,-0.6921841021670576,1.5521200028979698,1.2688446698492073,0
552,-1.0725952447625706,-0.8345102937737161,1.5799031580085328,1.2696904000107423,0
553,-0.9393696123715763,-0.7722957600710072,1.5839024756259392,1.2941529808029657,0
554,-0.9599606455059085,-1.0088858427313578,1.5934591838290761,1.2997352156756654,0
555,-0.9858971869979862,-1.2503307285624499,1.6036497464596675,1.2964338703767133,0
556,-0.98666141772909,-1.3500020716470735,1.556178124103317,1.375426668589181,0
557,-0.8522600765820701,-1.497325980638695,1.632082424620313,1.3246988426199264,0
558,-0.960936025841687,-1.6548606735618667,1.6464741719402007,1.308424040709696,0
559,-1.0339546931088228,-1.6142176039454665,1.5894051501777995,1.429066538004884,0
560,-1.0051195415900969,-1.5888818054540133,1.575547642460783,1.415405654251338,0
561,-0.9627563570037788,-1.9018684759055817,1.6094993307489673,1.3749601275655996,0
562,-0.9355903761037524,-1.9948103353397733,1.5844203290728438,1.4476139399418706,0
563,-0.8391519194723014,-2.297703152950861,1.588575339548552,1.4384593064061353,0
564,-0.7649270974496274,-2.0174528851934093,1.5840315509415364,1.3593152920222047,0
565,-0.8153464118343121,-2.4424663145869605,1.5483526359550792,1.4567095497697016,0
566,-0.8680579361331412,-2.6441612035258597,1.6219369013244234,1.4474768298609364,0
567,-0.8503256390503653,-2.712648568887931,1.6035153228227232,1.4775179268834042,0
568,-0.8203794050432308,-2.8188246611702072,1.5826080623833776,1.4526894249878834,0
569,-0.8132064195667746,-2.762449097404537,1.566553395706758,1.569421262756384,0
570,-0.739412672735455,-2.869957066298209,1.594397178260349,1.4838473657946487,0
571,-0.8055354564063055,-2.9810490095304463,1.5510748267165688,1.4775668043316912,0
572,-0.7320607981011384,-3.2954920265661762,1.605656246008194,1.535397477139701,0
573,-0.6849651097397931,-3.5637513117067514,1.6138300793930151,1.581378491315442,0
574,-0.6974263617891607,-3.3825066436559474,1.5039174835494378,1.5083821000332407,0
575,-0.7332838895601276,-3.3659588978024204,1.5675808891987613,1.6179536255119915,0
576,-0.6516385218927647,-3.5013323487234427,1.5352920978574267,1.5716987876004012,0
577,-0.7748238217127759,-3.2272006760301206,1.569628451022854,1.5528349948684674,0
578,-0.645383395708358,-3.7221386338146543,1.5019477796193477,1.5954181092251338,0
579,-0.5311319821223256,-3.7009383579078863,1.5499203036455587,1.6159792342214223,0
580,-0.6626982906607075,-3.832283038085229,1.5863687782458846,1.6821712487955538,0
581,-0.5469798839859089,-3.974695782624057,1.5135452526292055,1.6677080638223523,0
582,-0.5055520579697972,-3.773280985833198,1.5355092106099524,1.5192177128771964,0
583,-0.5144477241790821,-3.926453464886835,1.5226712789859698,1.571376331194017,0
584,-0.45949503422764765,-3.8960205703910713,1.4362198440139062,1.5249816312926527,0
585,-0.4554593205782613,-3.8301267148681135,1.5245947376406312,1.4986405118437194,0
586,-0.4194940831958995,-3.9393240482498344,1.4843121843012916,1.6626772945723485,0
587,-0.3745219813403022,-4.003341086452952,1.4717593733888814,1.5695620125892444,0
588,-0.3162573560118844,-3.912744542946153,1.4635381994121155,1.5326166409573914,0
589,-0.27712406897355274,-3.8018097203378836,1.491705808159785,1.5589448926721983,0
590,-0.289466499073066,-3.923307725810866,1.4494147562780617,1.573507146616378,0
591,-0.24699888777260215,-3.965634837128669,1.4101607969945655,1.5122444810536977,0
592,-0.24104340101723756,-3.680420081032017,1.4139256119594459,1.5532040490280146,0
593,-0.1553174110150128,-3.8476061287141583,1.4619537318526652,1.4813375815470131,0
594,-0.16475955678536022,-3.669582290715316,1.4335770827079266,1.5234401021490216,0
595,-0.057530144376918446,-3.6676335763877796,1.401412382212224,1.522626284907325,0
596,0.027065258824237853,-3.6761616469671785,1.3798852705618445,1.4790740076742963,0
597,-0.13145227580798627,-3.5493015459064585,1.3963026538130243,1.5536223359848333,0
598,-0.06808318922362966,-3.4226859854227736,1.3720558043992461,1.4887707937645622,0
599,-0.05207222733372846,-3.572602835022602,1.3430750284192738,1.436727333256119,0
600,0.07329643301841901,-3.4677246310954337,1.31165105836756,1.488840729770806,0
601,0.049570017639755874,-3.2427173057070147,1.3333486405030608,1.4382638721360779,0
602,-0.029621119531612977,-3.2894465140700104,1.3028262974718858,1.447935614756723,0
603,0.12397598815021374,-3.188900490387758,1.2874284520231065,1.5160240919078787,0
604,0.1359855420839686,-3.089788472842539,1.2818323681855228,1.418678916268665,0
605,0.1915388607091241,-3.042072019384422,1.2775448171620598,1.4371080087758228,0
606,0.20275106225173511,-3.028060257034339,1.231031718845379,1.3080877350970697,0
607,0.21409849832347747,-2.6806157103403927,1.289641340088473,1.4055428731338384,0
608,0.3123977524995445,-2.636193257533765,1.225758570759718,1.42447284168673,0
609,0.31252537911079187,-2.7142149750383378,1.2062463974612003,1.352688375227779,0
610,0.38935195217060437,-2.3678084544648157,1.229434239857016,1.3523155171935757,0
611,0.24586075083418668,-2.6317518018764146,1.1929903044129617,1.2880022051810582,0
612,0.34791162860102454,-2.5936437208104985,1.1634872023948868,1.2928801767625657,0
613,0.37146654603876894,-2.40605197398425,1.1360674193276001,1.2980340564223316,0
614,0.38670622287734674,-2.2595646503064457,1.1773601817829724,1.2881098890114844,0
615,0.5917310636741805,-2.273796019649768,1.132683196878229,1.2377871064277304,0
616,0.43894833514404186,-2.2539332298178008,1.0918117953592392,1.2523302400894945,0
617,0.5559123894923318,-2.170438193392103,1.1089447665660785,1.1832371956773553,0
618,0.53048773955784,-2.343987336475242,1.0748992949270992,1.2031735150394864,0
619,0.5947144010980843,-1.9263180144324135,1.0539060671261424,1.1336874332230333,0
620,0.602654263274752,-2.0601130833787167,1.018703888731268,1.0565398477317134,0
621,0.6311374754354053,-2.092763854246482,1.018101339323581,1.1507499608877503,0
622,0.6259970206844182,-2.0025509274866318,1.0267185266662016,1.1235435503560662,0
623,0.6460052306029825,-2.1530693309948776,1.0230577012003275,1.0475236551042475,0
624,0.7265893212753087,-2.1143931600943193,0.9777569211138525,1.0458982320144496,0
625,0.6703986690993602,-1.9713990192756197,0.9618698912856342,1.103568603461104,0
626,0.7957658013430235,-2.3331591942221737,0.9509242605015605,1.046998742799073,0
627,0.7889992740974241,-2.1366863670165093,0.9495993900230276,1.0703373691298599,0
628,0.7457578971203415,-2.143029461721046,0.9452646669415546,0.9524972917207942,0
629,0.7714959954522186,-2.0205422418657215,0.9649652252999086,0.9762240239376847,0
630,0.8867871565960965,-2.2220005000703953,0.9587291218196886,1.0044955096295305,0
631,0.8753852393329192,-2.2380561881377683,0.8722423031391047,0.9713237175536769,0
632,0.8434340673136399,-2.2590459329187302,0.8431070080020904,0.9513932297689058,0
633,0.9074298472828987,-2.1552113093694714,0.8475284293841288,0.9537121071802189,0
634,0.9659612270459456,-2.258244510133521,0.8522339127282998,1.022431358938923,0
635,0.9326100099603807,-2.406060133980359,0.8612975616038371,0.908776315535602,0
636,0.8832170679077634,-2.277901241807598,0.8280108789386241,0.9392316501749176,0
637,1.0309217706090383,-2.6452041196227594,0.7916487927315483,0.9656277583225472,0
638,0.8901962802450456,-2.5849223274800015,0.8129539452207486,1.0434988299875705,0
639,0.957421285389662,-2.5765250366990893,0.7637648184437462,0.9624599316595119,0
640,0.933628537775915,-2.5625934951262623,0.78764264302994,1.034906295294868,0
641,0.9518842778927469,-2.731034142795478,0.7443696127721235,1.036055078280355,0
642,0.9509700264456123,-2.911619300963256,0.7821624421541575,1.0065205642538868,0
643,1.008551341953391,-3.0201229612304075,0.7313242117948325,1.0866839645140698,0
644,0.943895289482318,-3.265244508671209,0.6911107080355832,1.0220998318247556,0
645,0.9479469217279997,-3.260361796761019,0.7587610165100702,0.9977982353857898,0
646,0.9895800006254302,-3.151903130449548,0.6328893087646181,0.9883998304502684,0
647,0.9975258699944799,-3.308578979827587,0.7220872520230351,1.042591375900793,0
648,0.9551309408453021,-3.271936193811567,0.6558269771314533,1.106734459173478,0
649,0.9688216538018061,-3.344784824046595,0.5950783945154472,0.9623145212459974,0
650,1.0258702126216543,-3.5395323950132216,0.6886113532674853,1.0410574877584797,0
651,0.9794997086506758,-3.4307474150983177,0.6067496584504086,1.0381554061641207,0
652,1.0415828465002408,-3.5896861204170714,0.6642090559721592,1.1824571782340352,0
653,1.0599688993271579,-3.5012695698669614,0.6370765129245068,1.1910201051727944,0
654,0.9489397458022275,-3.8309990014742943,0.6546197054835019,1.1596868535463503,0
655,1.0168696481271313,-3.705163026019673,0.5792936681106039,1.0997942660682638,0
656,0.9456332921008791,-3.725018895006997,0.594003578332164,1.1607147076854043,0
657,0.9069184919330606,-3.8357391648746395,0.5354851217953728,1.087302722357682,0
658,0.954375886305713,-3.7984637205624248,0.5402385889855887,1.10543710585051,0
659,0.9857223175196147,-3.693371177416489,0.5123114617568607,1.2200833189806997,0
660,0.9340649004044917,-4.086009771196841,0.5268450616217282,1.1292105793237792,0
661,0.8749460141088609,-3.69946618557719,0.5206064904926727,1.1911731535763608,0
662,0.9681600098604123,-3.9835944467617415,0.5916514602904726,1.2647440249608983,0
663,0.8599138647010302,-3.939669185578724,0.47937889758602975,1.2296519983061462,0
664,0.926147131923153,-3.9604772569378217,0.4921777592860911,1.268214084779961,0
665,0.8459670625980926,-3.941299904712821,0.4920219004809764,1.275554631959214,0
666,0.8795126143781549,-3.8223542164556585,0.46542706728264394,1.3132908742043914,0
667,0.8361932287500837,-3.702015331415164,0.49725605557565977,1.3306068847633827,0
668,0.7668046733485576,-3.8941287046719566,0.451199231741096,1.4427570707658486,0
669,0.9524340350384836,-3.607862997090246,0.4483194212662057,1.3185299786975064,0
670,0.7603347821397817,-3.8006417184977064,0.48802065488394275,1.2646302985296713,0
671,0.7450492316881198,-3.621529531604362,0.4459370497007247,1.3185963177194906,0
672,0.7202450916802222,-3.605898287245223,0.4502500670710703,1.3543735000985708,0
673,0.6688590657610496,-3.397218317076323,0.43136318589028055,1.481347635973222,0
674,0.6182964014875421,-3.5797055791886567,0.382335300335061,1.4803530835632333,0
675,0.6949286890219364,-3.101964507935566,0.4686145763234709,1.4782791644676605,0
676,0.6002189693388066,-3.359520684702521,0.43106606547754844,1.4815404879605274,0
677,0.4966836805087296,-3.0218530130863512,0.42055826855682543,1.398652400595136,0
678,0.6061082152990716,-2.7197882497868586,0.3776404890244949,1.516410219440896,0
679,0.6270333687994842,-2.978874101189904,0.4698144835654968,1.5336256626500835,0
680,0.5439090938744592,-2.700577846066701,0.4402289332549715,1.577654728236615,0
681,0.6029956488058269,-2.516154234147911,0.39431823785733566,1.5413039091258622,0
682,0.401388240675176,-2.3498452360510256,0.42212707217299417,1.5896228360728621,0
683,0.41244397365055885,-2.5377492968414717,0.3678024918485555,1.553607776638029,0
684,0.4980738125963255,-2.3657237262695463,0.4426536026953417,1.6180710582405162,0
685,0.4695514363504814,-2.1584053203455356,0.42590891734084424,1.6477311680127764,0
686,0.41011065008749603,-1.8499145875143068,0.40391235967217487,1.5811729045983427,0
687,0.41724964765762795,-2.0638471325348307,0.4513875306338523,1.6583740392630069,0
688,0.36347113166888934,-1.9773001208247467,0.4438398039189011,1.5682083859414715,0
689,0.2370957550791446,-1.5239114168100862,0.3678518869834494,1.5710391680388107,0
690,0.1836196135960076,-1.575722711621482,0.41997699273321487,1.5610780928133476,0
691,0.3937938288455235,-1.604665702753414,0.42561853142871975,1.6229868958845521,0
692,0.22245384516930566,-1.5182312417661143,0.45307302070857425,1.6098217154242973,0
693,0.22960348189175542,-1.001468015562778,0.41462129336002485,1.6875185916502677,0
694,0.177407372170435,-1.104574994950463,0.37624484448771534,1.6330743781528456,0
695,0.16123941191353974,-1.2680710497927672,0.43449421810211397,1.609663127436164,0
696,0.10359521730940982,-0.9727216869339166,0.3879995408907929,1.6168515567261146,0
697,-0.013989706544691088,-0.9111981921220516,0.39090726863483405,1.6473005047847165,0
698,0.020688329655607993,-0.8152648229588075,0.38329244003134566,1.6775400269356227,0
699,-0.046257707898096946,-0.6535164170912839,0.39178284491080395,1.656618717905426,0
700,-0.02842139956030126,-0.6306259064658661,0.445157607054388,1.6110643396150146,0
701,-0.005350569954824004,-0.5413709730587788,0.4444849898095612,1.7017108610694216,0
702,-0.04691130946920534,-0.32627565412552384,0.45438645219910867,1.5588754523032589,0
703,-0.14728219236087942,-0.3425623276468077,0.44597857497064786,1.5872667643660872,0
704,-0.14679512262815483,-0.3848939906771762,0.436611145593656,1.7395284502064268,0
705,-0.20509439956599126,-0.07700117909367243,0.43490860252991304,1.546050373806563,0
706,-0.17514535243452126,-0.051010887179082864,0.4132735052348624,1.5203331643295448,0
707,-0.22570171525413282,0.08533459812599586,0.471866318814819,1.575868439253587,0
708,-0.23271125656736477,-0.14077700006709515,0.4581267837598776,1.5156567498092086,0
709,-0.34825355954363746,-0.028484967581370757,0.48608736038186695,1.5383070573326512,0
710,-0.32464036039441546,-0.01348869397266772,0.5244267923802521,1.5362365401112064,0
711,-0.32522109233409696,-0.21770256096327745,0.49433796317385303,1.5008225957306667,0
712,-0.31398854493371026,-0.3007707037117229,0.5344095387581327,1.4906432141702037,0
713,-0.511291340978236,-0.03517591403683906,0.5158553184679497,1.512321645328149,0
714,-0.4447367677834894,-0.24059019968403805,0.5522345180656991,1.3834016694467235,0
715,-0.5853082005012131,-0.34453771258974464,0.5811259617931896,1.47508414016477,0
716,-0.4133783991240757,-0.10727294232029116,0.539327625849756,1.3495644094589732,0
717,-0.4737408369348878,-0.07348947164518349,0.6599210600560088,1.4281379917452321,0
718,-0.6397646931808995,-0.3177678941697075,0.6198518188356408,1.3217676551442676,0
719,-0.5591145974247773,-0.1304646558026783,0.5654415712051111,1.3456540383269284,0
720,-0.628726913436318,-0.43169886443643635,0.5804629087173849,1.277269079272715,0
721,-0.6970601617753004,-0.4143010276630881,0.6298591946773122,1.2694524533269094,0
722,-0.6554110651305233,-0.565774479772686,0.584891702594861,1.2269953246715344,0
723,-0.7798520102341095,-0.5493169140742444,0.6484779390974731,1.312337980338845,0
724,-0.7127703874750941,-0.6904190355928634,0.6154170889914788,1.2471407256773406,0
725,-0.7384753674295551,-0.5530357116127615,0.6322687999898935,1.2833655869490495,0
726,-0.7552119281463816,-0.8102662283807849,0.6476072655995371,1.2492772740354345,0
727,-0.8379743930223105,-0.8160623236759099,0.6280680889680242,1.2402372636330106,0
728,-0.8160757022185335,-0.929952249392612,0.6987184127114052,1.2652042657805234,0
729,-0.8183939421732659,-0.7760058510033012,0.6596385937273639,1.1542083245745915,0
730,-0.8061058224972522,-0.9083864299592079,0.7570804866954497,1.1840470159797256,0
731,-0.9188084231506498,-1.132087705550115,0.7389285550340583,1.1268880996101014,0
732,-0.830623270338435,-0.9246831256997811,0.7121882376196716,1.0905358149533768,0
733,-0.8429876355142303,-1.349130018758653,0.7950005011494743,1.0511409762115227,0
734,-0.9188566081902814,-1.30440543335038,0.7540581881241497,1.0396830852336418,0
735,-0.9093636564494029,-1.4122313569647937,0.8033161362600052,1.0453402448642533,0
736,-0.8438536307059522,-1.54514215109397,0.7766555005487957,1.0339040370426682,0
737,-0.9651572330558169,-1.5282576054801795,0.834419364013179,1.0341543356534915,0
738,-0.9453065979290651,-1.851928171458837,0.8199413790676,1.0546774240643053,0
739,-0.9145907693403846,-1.6290468818212713,0.8108866562790549,1.0420205770399493,0
740,-0.9230560301086169,-1.8029032841598984,0.8192465799080475,0.9734232299117426,0
741,-0.9752422585683368,-1.8303039319058558,0.9056642913797615,0.9887755830039842,0
742,-0.9950813622108657,-1.7029748142226029,0.9183313003113052,0.9172548811190286,0
743,-0.9716266329804271,-1.6965878488426485,0.9243360217275561,0.9006290529509664,0
744,-0.9653867164243629,-1.9128141435327728,0.9546694069667875,0.9214622911862522,0
745,-0.9911597355051738,-2.007958004858894,0.9300397996685777,0.9485511813511107,0
746,-1.102818451458925,-1.957294277780135,0.8838798241416953,0.9872245961274896,0
747,-0.8732450137992858,-1.990538768772342,0.9796120430988717,0.9191128337211085,0
748,-0.9836319099181168,-1.8117462485937663,0.9292807252587588,0.9701945030223311,0
749,-0.978329119541633,-2.0921209744621976,0.9812810962282934,0.9036468215469999,0
750,-0.9769012048643021,-2.361333864125191,0.9978867590650021,0.9034642816213934,0
751,-0.906646763813053,-1.9231237018250416,1.0011899952346854,0.9886549744921489,0
752,-1.1418047037928087,-1.9015859670602886,1.0575893079223049,0.9836552891554118,0
753,-0.9917420403354478,-1.9093191435599082,1.059488274111789,1.081143004176524,0
754,-1.02105551943463,-1.9855684065802115,1.0556353626835318,0.9205837313056731,0
755,-0.9974775319494529,-1.9027062218938728,1.129872806983758,0.9124685995365958,0
756,-0.984887170205532,-1.8713459941813677,1.0615169469142465,0.9063662538755035,0
757,-1.0039480310556232,-1.833194998989973,1.199845814127039,0.8876312191223223,0
758,-0.9827208933579962,-1.699263309266248,1.1287800218714397,0.9463961211181995,0
759,-0.9156245076113846,-1.7182444579213019,1.201585109884783,1.0299073641147902,0
760,-0.9940040540663457,-1.7509015262885792,1.1235444744232728,0.9965722052734947,0
761,-0.9403284727307115,-1.6584470583252444,1.1870432895216356,0.9905247053492605,0
762,-0.9880241902299423,-1.580938557076044,1.1994534990421124,1.0387467028399948,0
763,-0.9943415370902506,-1.3926906492243352,1.1777658581332504,1.0134723544205062,0
764,-1.0110321633882262,-1.4829323110830313,1.2629645791222128,1.074918485741455,0
765,-0.818693674828916,-1.249244425127051,1.1861498074786418,1.0043863496901955,0
766,-0.8889584036240256,-1.0466337009287046,1.2889503393473556,1.118075488511257,0
767,-0.7917465626551393,-1.1913258152667052,1.2516137660068232,1.0393036548816448,0
768,-0.779441911275886,-0.8835166881799529,1.2993354134897666,1.1127437222558112,0
769,-0.8507877018643806,-0.9465796370909576,1.315223439902321,1.170809559860346,0
770,-0.8989706194290629,-1.086224385175148,1.3098322430846991,1.1850384266388363,0
771,-0.7121111279668002,-0.9601997848615054,1.3430555410188358,1.0649441825084816,0
772,-0.7655669488430986,-0.7870746931322457,1.2764036914466814,1.1991264152289536,0
773,-0.6783303485120212,-0.6700718963811525,1.3174445886728121,1.2103828435625978,0
774,-0.6729854460807361,-0.5597964545963572,1.3553977666996322,1.1602744708521873,0
775,-0.6754760643071541,-0.47598334924768904,1.389663925035246,1.2206857063566772,0
776,-0.6621162080460402,-0.5174430141218223,1.332447061297478,1.262718537080454,0
777,-0.6546741011689384,-0.3239736602353367,1.3624927078480005,1.291959069220407,0
778,-0.6116306705443336,-0.36549306710294216,1.3981655907950896,1.3184098377067166,0
779,-0.6162058203451952,-0.4722834360259107,1.3668114371463034,1.3043677351979082,0
780,-0.6132957946681912,-0.12012686220324231,1.443774977142097,1.3362007533171387,0
781,-0.5139273183627114,-0.16661018280194861,1.4607350071926402,1.3898749319488861,0
782,-0.5786696510795141,-0.00170100576034371,1.3266860190350651,1.3311344721275322,0
783,-0.5260719359775167,-0.23893059652253834,1.4373021175374072,1.3808796703793982,0
784,-0.44096132792346404,0.03254365643029744,1.4586995408307764,1.4633993440729332,0
785,-0.4079476228239603,-0.06123719901818059,1.4435979082271015,1.4625507856816198,0
786,-0.38359462068215255,-0.09006955236670589,1.4620835789755866,1.5175628001854082,0
787,-0.3320914948047979,0.052241007970112996,1.5073562723095193,1.5788001620116887,0
788,-0.36048504776038864,-0.15888714849634966,1.4787538491642698,1.5421181999589213,0
789,-0.3376391585795323,-0.051722216324919135,1.55176879298737,1.5170762322391882,0
790,-0.3257774526507967,-0.1598922312053379,1.4739915985371317,1.5188567030277,0
791,-0.37629354088637723,-0.028828687572644673,1.4735657614286621,1.6491896300623887,0
792,-0.33898678748614103,-0.0610246677967452,1.5231590375963444,1.6299953870430026,0
793,-0.2629880102821849,-0.21221044879238815,1.5227148393722798,1.5812408521249037,0
794,-0.153567986120538,-0.21904139583956983,1.5516380855363856,1.614021957915307,0
795,-0.12235112470557236,-0.15846398487777424,1.5464538348779038,1.64767035574761,0
796,-0.08807733097746102,-0.18063635220480934,1.535000072948303,1.6115856810213527,0
797,-0.10911823681200108,-0.4639209674197913,1.532241260645704,1.6543742073344418,0
798,-2.984637982487992e-05,-0.5278653543486316,1.5634997427335504,1.6926571680054936,0
799,0.010720320552205016,-0.570650488525771,1.5858490923531476,1.6176124382350323,0
800,0.03389059576512707,-0.5877407601322568,1.552979595164579,1.6373056654440847,0
801,0.037874735966848615,-0.7944382267980028,1.5749693724093599,1.7624245132155747,0
802,0.17356230891323032,-0.6629208116241347,1.5545553753729169,1.6516218556265536,0
803,0.11496217723241291,-0.7441865911905996,1.5837193060330563,1.7198013770025766,0
804,0.12965404119129315,-1.1442589465360702,1.5517362297692512,1.6655784296124947,0
805,0.15205244081189387,-1.129351009195328,1.5567501824624794,1.7118639341004398,0
806,0.10920842565568041,-1.3351552167516645,1.590200113239531,1.6709986357478124,0
807,0.1930567157274818,-1.2856392584861753,1.5847945923001303,1.648938302862956,0
808,0.28511516693497757,-1.3511066805546603,1.6309228266912195,1.611939345903512,0
809,0.24342461227424145,-1.8399036997332594,1.5356292135261365,1.6679692173796976,0
810,0.40704958217351705,-1.883089254854033,1.6243814770093608,1.6636021267151913,0
811,0.2784933469718368,-1.9421132460010584,1.62232896818835,1.6975274241482405,0
812,0.3513279541569165,-1.861700184494383,1.5796805930595474,1.6365538171018479,0
813,0.4497081191630526,-2.1133540183880166,1.5575355757899711,1.725639835498678,0
814,0.4466836886285706,-2.240870226221331,1.6181754819483234,1.642027462078457,0
815,0.4661465891333414,-2.39471596810203,1.5984156655568245,1.6275011891408755,0
816,0.4577082247717584,-2.58225484706776,1.6019108916146898,1.653385066312846,0
817,0.6265282195519986,-2.6149183246186887,1.63157647681982,1.604990075460296,0
818,0.5183700693500283,-2.824169989312059,1.6306714176690003,1.5770240229970398,0
819,0.6125211272644424,-2.7564033460794475,1.5646855537281015,1.5481470362818675,0
820,0.6567998109222086,-3.072428656032952,1.517307230864195,1.6384002374759437,0
821,0.6432942266392943,-3.2357144242704705,1.5913804292559905,1.4963917120140797,0
822,0.6017651120329676,-3.0745903558972887,1.5868037638139112,1.5685954566173028,0
823,0.7358128026291798,-3.226532160755704,1.535926044650966,1.529828603093881,0
824,0.7727270781306244,-3.2240609719899203,1.5472348743909228,1.4430843416009016,0
825,0.7121803073045183,-3.3698097653594092,1.5745065790924344,1.450022571636345,0
826,0.6917547121950773,-3.48640489600768,1.5379508995721691,1.513883399935147,0
827,0.6355507426577034,-3.701567024142472,1.5712833746897334,1.418908120889367,0
828,0.7463737800238484,-3.473240527770921,1.5944249482340074,1.378394705149803,0
829,0.7925949650974882,-3.8386115379642183,1.5937453536224477,1.407874492208678,0
830,0.7872121880964573,-3.891566833810263,1.5202621276880381,1.2966857244306158,0
831,0.8449732927068376,-3.9149499510948775,1.5398575195393391,1.3555971760340109,0
832,0.8473822076568733,-3.678498307766401,1.5551325067879282,1.3200388140834294,0
833,0.9430897875686025,-3.748936092635061,1.5116753020748157,1.2201842402205654,0
834,0.852278116398006,-3.810878865940554,1.468031768130762,1.2598937960985714,0
835,0.9273928034655191,-4.120809753675131,1.5255622246267002,1.2698262958845177,0
836,0.9035882811915902,-3.6934221843386257,1.4686171530664176,1.1302168307764333,0
837,0.9256002443300039,-3.9081768571148547,1.5510629747040032,1.2137485250335294,0
838,0.8504969678001774,-3.9502388788552545,1.5349178363517975,1.1497544008765568,0
839,0.9735295509750829,-3.9380705951420203,1.4358813652315672,1.0601411085647978,0
840,0.916157340529289,-3.852861430351739,1.4435078152786627,1.1075086303931367,0
841,0.9285052706711888,-3.5786791252596455,1.4620525612553423,1.121672707820045,0
842,0.9449760795012221,-3.8632781872129445,1.4850915401585745,1.092443988848334,0
843,1.06901406600787,-3.7567340120895873,1.4422252360197056,1.0895109899611708,0
844,0.9662645184067101,-3.9059031798140005,1.39133993602201,1.0606585272005076,0
845,1.0386699734051839,-3.79445016172118,1.4560258061147322,0.9826877114874364,0
846,0.9662822936120673,-3.438926768845711,1.3600149224177587,0.9985998528647184,0
847,1.055510267699639,-3.783283506019365,1.4008883834032109,1.0342433247834273,0
848,0.9656347167012226,-3.5296409041999626,1.345123791108372,0.9964357041987495,0
849,1.0045575889748777,-3.3134724102598545,1.3931316598923367,1.0459576633034178,0
850,0.8699715457203936,-3.4410366998184685,1.3439242666701758,0.9190786322899696,0
851,1.0071660013052115,-3.2767897867729303,1.2822516927857772,0.9604834008291985,0
852,0.8850536062319381,-3.0127393416359283,1.3174418504928034,0.919768941150106,0
853,0.9758920883311112,-2.8045424427415773,1.3034361309324918,0.8462027453037628,0
854,1.0191993351156956,-3.1352911920120956,1.2822880749946988,0.9090448727595581,0
855,0.8819464230749348,-2.968019841731155,1.257578775244368,0.9746181114718189,0
856,0.9597734416454295,-2.816193129481295,1.2412960849862698,0.909201004030259,0
857,0.9013947242347607,-2.53230629181602,1.27526678711958,0.8908993321366074,0
858,0.9391740864255705,-2.6483553439120753,1.2577520694987148,0.8487839144808172,0
859,0.9646780469591468,-2.6274919106912047,1.2340890137437084,0.7575273158097411,0
860,0.9489018961924791,-2.5622939157882985,1.2376504834853432,0.8075061786836584,0
861,0.9902960161408634,-2.5937410377062013,1.2056201055083389,0.8709945338165946,0
862,0.8758209292511456,-2.2396547716723596,1.171013375875007,0.8558036050982711,0
863,0.8849396546612941,-2.353420413580955,1.1613720792533009,0.7467612214927455,0
864,0.8792069015805173,-2.3588220979839676,1.188029786065593,0.9010749428132984,0
865,1.0196021717082915,-2.3870475378244986,1.1667145873940779,0.8428525646180574,0
866,0.8233614740306272,-2.324510412862646,1.1162484148093508,0.84907647632722,0
867,0.8702252692712392,-2.341705674797712,1.1072432457090735,0.8515037000154194,0
868,0.8830098052054628,-2.207997057883216,1.0381900927368488,0.8692627457562836,0
869,0.8153377124705126,-2.26629189923723,1.1076775914923749,0.9098589608794663,0
870,0.7663422204722139,-2.220972600051943,1.1104348854588921,0.8689308385598955,0
871,0.6741046447931313,-2.2278616186708424,0.997872629959526,0.9962426421794993,0
872,0.8567613872418736,-1.8562574128333391,1.0533074871692039,0.9708346971873139,0
873,0.8218764263125148,-1.9433281338979833,1.0462221112822911,0.9518163879645485,0
874,0.7651985231142124,-2.0089852683553295,1.0188967985518755,1.0021662318344353,0
875,0.7287685847536497,-1.8904512970486056,0.999279348524408,0.950042937508778,0
876,0.6799118159627452,-2.1812107675432104,0.9969859209084604,0.9387082120884751,0
877,0.6908253218340518,-1.9429114462965562,0.9974199144155611,1.0711604075909298,0
878,0.6339201622178983,-2.0943626538363658,0.9242581172757613,1.089415522006056,0
879,0.5629323599068861,-2.1798956307839705,0.9100231117383151,1.0647319698740338,0
880,0.64590255866921,-2.1442021635454482,0.900224400807685,1.19571101938153,0
881,0.5529248669689338,-2.1723042901839476,0.8960807664005531,1.0845979173545377,0
882,0.3948405098646759,-2.049351846990042,0.8415174715821421,1.1660085958292217,0
883,0.4890155854160742,-2.2093214052994115,0.8635580589696584,1.1118118626769173,0
884,0.47350940659839863,-2.175462630571354,0.8434741824879908,1.2154113553356685,0
885,0.35275182223777224,-2.489190809777504,0.8246866931025755,1.1927386877933028,0
886,0.4621747117535918,-2.5439304952251804,0.8431344353984632,1.230478169896575,0
887,0.4207482190041547,-2.345356514245381,0.8162798345651696,1.2322924635682848,0
888,0.29537853332546726,-2.377915858753591,0.7790326071160978,1.2946608291819814,0
889,0.323132424856241,-2.4224177545640933,0.8184802347521748,1.3447518377028709,0
890,0.28352010762256236,-2.62964399690513,0.7658846959518965,1.367953603075878,0
891,0.25248794424861914,-2.6775227369311696,0.7050521680363737,1.3252967788017889,0
892,0.18618556775945663,-2.965551142897627,0.7733787806538662,1.3531347595076664,0
893,0.23854339098445201,-2.887982995095416,0.7171716055872305,1.4098731038085912,0
894,0.14976250353291998,-2.9124401945095046,0.7053093773710687,1.5091988470597733,0
895,0.14855692417810534,-2.926412864026602,0.6656893137753418,1.4149618069282224,0
896,0.09430259632300943,-3.0327494038365246,0.642799690289255,1.562371080701899,0
897,0.14834631876178586,-3.1903435570731213,0.688881619427067,1.4389137107772205,0
898,0.03319245407146082,-2.9630814516042867,0.6599919312642197,1.5846146959017513,0
899,-0.004669406239143708,-3.3695438278535956,0.6321169482292703,1.594220784983315,0
900,-0.11282210277915276,-3.221692622889657,0.6576233541980354,1.560739569186813,0
901,-0.08637634459982732,-3.6720908134877988,0.6423798076014865,1.5780262544268953,0
902,-0.12118503199083021,-3.682915311333991,0.6318948778759202,1.5731622331145174,0
903,-0.07162374638259597,-3.8273708177353223,0.6305274661069123,1.6541303470543218,0
904,-0.1347837508383382,-3.7558670690613463,0.518696757484811,1.6316030403449093,0
905,-0.22043018446983986,-3.6370517331044185,0.5764967354345334,1.6587352728743223,0
906,-0.28967932334718166,-3.6684382363924235,0.5324113925433094,1.6524813187667962,0
907,-0.21374259518938132,-3.9544570629708016,0.5340242191677322,1.7396067902720105,0
908,-0.35208340708531355,-3.811316682549476,0.5635375356303873,1.6936413068979232,0
909,-0.3707876316384719,-4.006934971952088,0.5106957601760502,1.7781282105787821,0
910,-0.40679812595012727,-3.9242239880218124,0.5730846483787556,1.744293029664314,0
911,-0.36824603368091086,-3.888055161646328,0.5104523231353999,1.6823599025078204,0
912,-0.34404869476808764,-3.7737176247122837,0.4800416778182681,1.7131582702784047,0
913,-0.3786658421299106,-3.820454849375031,0.46908808638309135,1.8070040200830428,0
914,-0.40040621138452104,-3.717845213513103,0.4961367269297481,1.776029290934912,0
915,-0.4221856687965214,-3.829449721038315,0.5157089899312062,1.7198115691345295,0
916,-0.596076619995216,-3.8988899574713773,0.48056943878081104,1.7914460877508107,0
917,-0.47497506342155427,-3.9110365906880826,0.43152918243232263,1.7798507789352063,0
918,-0.5734996676640923,-3.709209464069408,0.4249710161508481,1.7394432891323577,0
919,-0.6138310605496037,-3.789872259351764,0.45088603345475775,1.747975106217884,0
920,-0.6036243418781855,-3.5971099537212554,0.45822562697322733,1.7043468658064995,0
921,-0.5905333427987324,-3.517290537618443,0.49188437355057846,1.742583707584977,0
922,-0.621026014984213,-3.484230585852806,0.43928183562432244,1.7392896532204918,0
923,-0.656927085061422,-3.5222699447633987,0.4296227128435266,1.6661108901069934,0
924,-0.7300662417293835,-3.4469664351287563,0.4677128488609158,1.704311110478696,0
925,-0.779307641201936,-3.1215651019324433,0.48278977758145303,1.7087627356808253,0
926,-0.7910852360644786,-3.1953032872112184,0.46161904805562004,1.7074312123533213,0
927,-0.8084546038049204,-3.0711569514027497,0.34620059897111133,1.646391627859378,0
928,-0.7943826615954235,-3.034386433804561,0.4582251320100714,1.6711995924337986,0
929,-0.7557459204185184,-2.7304048623994213,0.3697285452468264,1.606005223134059,0
930,-0.8466490385865786,-2.7207118744490426,0.3966412998429726,1.6425433919943964,0
931,-0.8516613739567216,-2.7342413887490657,0.39737957290330284,1.7213437100717246,0
932,-0.8673222977188313,-2.5104823064323765,0.35833305633371626,1.6327024801662597,0
933,-0.8298793112583267,-2.5111216230500037,0.4080955429287698,1.576888859509669,0
934,-0.936510304658104,-2.194788522367593,0.3713973685530516,1.4842930002488104,0
935,-0.8948746695765488,-2.0620091181863116,0.3556121020752886,1.5029297437763902,0
936,-0.9789106289383618,-2.1433840012603613,0.3863340557042759,1.5447439122942321,0
937,-1.0135484700123294,-1.8094782718655926,0.4183431170089834,1.510572897634169,0
938,-0.9168560143270346,-1.9019173017101376,0.4017644660720969,1.4255213142766707,0
939,-0.9807677198223543,-1.8566717815397211,0.39636755193724926,1.3641403682397013,0
940,-1.0011150737644299,-1.5081023788436063,0.36694781876829163,1.409998435934006,0
941,-0.9172849716935605,-1.4344462391420865,0.3984925784669815,1.3655792925490455,0
942,-0.8652642438414087,-1.1574072561650195,0.3952187605840868,1.3589464016707984,0
943,-0.9992133308464417,-1.2391078261301904,0.3856675910591002,1.3604573269800249,0
944,-0.9214870087369659,-1.0534806618744046,0.42474835205048733,1.2591231045876046,0
945,-1.0957237045483212,-0.9633543589786397,0.43742226306799925,1.2297092705369486,0
946,-0.9687728695655198,-0.9763461245518121,0.4259359054493269,1.208698893973984,0
947,-1.0023956409736758,-0.819484977108313,0.42768174413247884,1.1617326437929107,0
948,-1.0137282019213574,-0.7372109542296827,0.4166350844700524,1.1730729610059307,0
949,-0.9634828056891571,-0.6110517841141658,0.4519513183365701,1.162142797719815,0
950,-0.9993484361838963,-0.654312340421219,0.450956596053931,1.0929262350586098,0
951,-1.0193992172584097,-0.581713537037202,0.4415963220769784,1.0452420937246754,0
952,-0.9229611305937354,-0.5581855245715166,0.44925173645796634,1.088229184669177,0
953,-0.9877463417812123,-0.4454464203813562,0.4008316342154591,1.1049067119346043,0
954,-1.0591062891179353,-0.18648495800383746,0.4770538978588368,1.0263796600969262,0
955,-1.0016496107383617,-0.2247422605078344,0.4088765859168406,1.036094586395065,0
956,-1.0331524597480528,-0.29501353314420853,0.4850422554460786,1.0118825302180399,0
957,-1.0259785656102807,0.0022483998902742552,0.4752581342019626,0.9673939374270933,0
958,-1.001053099208206,-0.16982218425738704,0.4885353009906336,0.9530151321551068,0
959,-0.9021234669330361,-0.01614332112133421,0.4954786669473019,0.9147076476141137,0
960,-0.9637626850708877,0.07323092323399827,0.4933944007110146,0.9223808670446063,0
961,-1.0705283486590509,-0.14102825203200564,0.5172642946473461,0.9188060551581951,0
962,-0.9722684900188776,-0.1545529649289732,0.5174380412930788,0.8367679866632247,0
963,-0.9298947821227272,0.016521870459287324,0.4987127798163469,0.8647264334490103,0
964,-0.9051282557111006,0.028246182626332272,0.5331020097572792,0.8525236756389111,0
965,-0.8196986573839393,0.009302791307460812,0.5489594579079146,0.8692722158627593,0
966,-0.7830041130759038,-0.05662453677049051,0.5783987643164372,0.8558549857002392,0
967,-0.910357966178007,-0.39645209140663185,0.5237322723762552,1.001728639185525,0
968,-0.7818567068752444,-0.3100334681525101,0.5936208645013215,0.8230947791554311,0
969,-0.8557927083677512,-0.3337711015780598,0.6384558424029555,0.8837288314448707,0
970,-0.7711313930838755,-0.25972629497882727,0.5846447114380903,0.7743514394338245,0
971,-0.8410612797716084,-0.24420355519458292,0.6020706438086096,0.8673074186118493,0
972,-0.6811010058225515,-0.3918369468980427,0.6248440195000915,0.7890431422024093,0
973,-0.6616240394192617,-0.4417033986402781,0.6283281683731569,0.7235150612835135,0
974,-0.7196578754435137,-0.7662713630980986,0.6653283303262107,0.8557882356829762,0
975,-0.68466708592125,-0.5767534214669536,0.6945627131275105,0.8743260347875008,0
976,-0.6134749612093561,-0.7613755705442815,0.6277963063869232,0.8983262029521824,0
977,-0.6696261685505779,-0.6385954550351731,0.6550940094090482,0.8653726524813569,0
978,-0.5867672646478153,-0.6954107282468809,0.6551193070027976,0.841164054406188,0
979,-0.672686910551971,-1.176015641158697,0.6818441423545809,0.8971312339875809,0
980,-0.5756460859640777,-1.023102880852354,0.795984382696437,0.8547650850701107,0
981,-0.4860578475000768,-1.1150597023768831,0.7162839774960125,0.9350475763777377,0
982,-0.48344624567765776,-1.105213585233107,0.7424106251963168,0.8658999567411261,0
983,-0.43586539216930165,-1.2639981917655914,0.7404895423561122,0.9795485006401625,0
984,-0.47275345958265885,-1.2885935517184366,0.777664097775711,0.9065892586709733,0
985,-0.3540491197940061,-1.5970529619397285,0.768257265621947,0.950393161974749,0
986,-0.33172599579675777,-1.6540181912035248,0.8181178629453395,1.0240999404676672,0
987,-0.40539776173729847,-1.6651611443515397,0.8323891651552182,0.9909344147372391,0
988,-0.38550497887865975,-1.7406351530239825,0.8081717852220094,1.0624522068266546,0
989,-0.4344286956603114,-1.7222603167906807,0.8766099740334125,1.0961772473406044,0
990,-0.4077014966559859,-1.598067752967263,0.7903491512971532,0.9898626110300934,0
991,-0.28767186170209247,-1.8883830675768005,0.8616741960785589,1.1062470562423679,0
992,-0.24056888862031756,-2.0173742160779495,0.9133803862250973,1.1390722213769162,0
993,-0.1274309428049733,-1.8423827354141846,0.9123353984738317,1.1262403194448973,0
994,-0.14612650383847403,-1.7655459976340562,0.9604217407827014,1.189108850967893,0
995,-0.11109423777232634,-1.8261515179920316,0.9557685440250606,1.1393824393114196,0
996,0.017923219665700693,-2.1138355488060587,0.9194449205885215,1.148911526949806,0
997,-0.06631618228549745,-2.177063591949875,0.9936641443525589,1.2524530277430668,0
998,0.029491927305079095,-1.9976380242069929,0.9898549220882398,1.2771997085172382,0
999,-0.04257645501394054,-2.0672199473281543,1.0009022667331249,1.3581898925622022,0
